,tweet_id,tweet_time,user_id,text
0,1367988317485215744,2021-03-06 00:00:05,1323280062,One Bitcoin now worth $48838.619. Market Cap $910.635 Billion. Based on #coindesk BPI #bitcoin
1,1367979135759450114,2021-03-05 23:23:36,1291449051460677632,"RT @FXOpenBroker: Cryptocurrency exchange rates right now üìâüò≥

#Bitcoin #Ripple #Ethereum #stellar #litecoin #BitcoinCash #dogecoin #Dogecoi‚Ä¶"
2,1367958114335612934,2021-03-05 22:00:04,1323280062,One Bitcoin now worth $49075.411. Market Cap $915.047 Billion. Based on #coindesk BPI #bitcoin
3,1367927913874661378,2021-03-05 20:00:04,1323280062,One Bitcoin now worth $49384.596. Market Cap $920.810 Billion. Based on #coindesk BPI #bitcoin
4,1367897716186046471,2021-03-05 18:00:04,1323280062,One Bitcoin now worth $48092.302. Market Cap $896.710 Billion. Based on #coindesk BPI #bitcoin
5,1367867517587316740,2021-03-05 16:00:04,1323280062,One Bitcoin now worth $47973.696. Market Cap $894.496 Billion. Based on #coindesk BPI #bitcoin
6,1367837322075660290,2021-03-05 14:00:05,1323280062,One Bitcoin now worth $48145.395. Market Cap $897.694 Billion. Based on #coindesk BPI #bitcoin
7,1367813986205523970,2021-03-05 12:27:21,253971576,"Cryptocurrency exchange rates right now üìâüò≥

#Bitcoin #Ripple #Ethereum #stellar #litecoin #BitcoinCash #dogecoin #Dogecoinarmy #EOS #Neo #Cardano #cryptocurrency #cryptocurrencies #cryptoart #Crypto #CryptoNews #BTC #Chainlink #money #XRP #coindesk #fridaymorning https://t.co/ahxctVqlf7"
8,1367807122159894529,2021-03-05 12:00:05,1323280062,One Bitcoin now worth $47490.643. Market Cap $885.480 Billion. Based on #coindesk BPI #bitcoin
9,1367799081356173314,2021-03-05 11:28:08,1351930336284975105,"https://t.co/VuCLq4htoI Introduces $200 Million Fund for Cryptocurrency Startups
https://t.co/trFAO0efGe
#cryptocurrency #coindesk #Bloomberg #economy #trading #forex #bitcoin #Huobi https://t.co/9U7WRLZADV"
10,1367796756424126467,2021-03-05 11:18:53,1333808780828676096,"Bitcoin Drops below $47,000
The overall market cap of cryptocurrencies lost nearly $100 billion in the last 24 hours.
https://t.co/GqUnkG2do6
#cryptotrading #blockchain #cryptocurrency #olleux #forex #Bloomberg #binance #huobi #coindesk https://t.co/h0Ye6ZZPaG"
11,1367776924609744896,2021-03-05 10:00:05,1323280062,One Bitcoin now worth $47154.839. Market Cap $879.215 Billion. Based on #coindesk BPI #bitcoin
12,1367746724245176320,2021-03-05 08:00:05,1323280062,One Bitcoin now worth $47405.377. Market Cap $883.883 Billion. Based on #coindesk BPI #bitcoin
13,1367743986266304517,2021-03-05 07:49:12,1361630103210323970,"75% of Twitter employees own ‚Äúcrypto‚Äù - #coindesk
#Crypto #BTC #CryptoNews"
14,1367737754876977156,2021-03-05 07:24:26,1364151351282864128,"75% of Twitter employees own ‚Äúcrypto‚Äù - #coindesk
#CryptoNews #BTC #cryptocurrencies"
15,1367733773958283264,2021-03-05 07:08:37,889574483840962560,"Bitcoin Update

#Bitcoin #ETH #crypto #cryptocurrency #DeFi #altcoins #altseason #alts #tesla #trading #investing #stocks #MLM #richdadpoordad #nftart #investor #rich #wealth #trader #invest #forex #cointelegraph #coindesk

New to Crypto?üëâ: 
https://t.co/6c9j13Uapj https://t.co/1OXPg1RocK https://t.co/H7xdJQIXt6"
16,1367716524505579523,2021-03-05 06:00:05,1323280062,One Bitcoin now worth $47214.627. Market Cap $880.321 Billion. Based on #coindesk BPI #bitcoin
17,1367686323910438915,2021-03-05 04:00:04,1323280062,One Bitcoin now worth $47358.184. Market Cap $882.995 Billion. Based on #coindesk BPI #bitcoin
18,1367683694152982530,2021-03-05 03:49:37,1331450249781465089,"RT @PolyswarmU: @Polyswarm is making another run... This wouldn't be the last one.  üöÄüöÄüöÄ Available on #Hitbtc and #Uniswap
$NCT #altcoin #Cy‚Ä¶"
19,1367656126330863616,2021-03-05 02:00:04,1323280062,One Bitcoin now worth $46750.416. Market Cap $871.660 Billion. Based on #coindesk BPI #bitcoin
20,1367625926406766595,2021-03-05 00:00:04,1323280062,One Bitcoin now worth $48407.585. Market Cap $902.553 Billion. Based on #coindesk BPI #bitcoin
21,1367595725387923457,2021-03-04 22:00:04,1323280062,One Bitcoin now worth $47923.359. Market Cap $893.522 Billion. Based on #coindesk BPI #bitcoin
22,1367565531176448003,2021-03-04 20:00:05,1323280062,One Bitcoin now worth $48051.349. Market Cap $895.906 Billion. Based on #coindesk BPI #bitcoin
23,1367535327557152769,2021-03-04 18:00:04,1323280062,One Bitcoin now worth $48431.181. Market Cap $902.984 Billion. Based on #coindesk BPI #bitcoin
24,1367505131349176321,2021-03-04 16:00:04,1323280062,One Bitcoin now worth $49633.979. Market Cap $925.407 Billion. Based on #coindesk BPI #bitcoin
25,1367495951292710915,2021-03-04 15:23:36,1263560804567318528,"RT @MarkCrypto23: Larsen's attorneys said the SEC failed to show that he knew knowingly committed any wrongdoing.

#coindesk #crypto #XRP
#‚Ä¶"
26,1367493425478725644,2021-03-04 15:13:34,719838838,"RT @MarkCrypto23: Larsen's attorneys said the SEC failed to show that he knew knowingly committed any wrongdoing.

#coindesk #crypto #XRP
#‚Ä¶"
27,1367491926652575745,2021-03-04 15:07:36,1018460856642760706,"RT @MarkCrypto23: Larsen's attorneys said the SEC failed to show that he knew knowingly committed any wrongdoing.

#coindesk #crypto #XRP
#‚Ä¶"
28,1367488466209095688,2021-03-04 14:53:51,48232455,"RT @MarkCrypto23: Larsen's attorneys said the SEC failed to show that he knew knowingly committed any wrongdoing.

#coindesk #crypto #XRP
#‚Ä¶"
29,1367485488081338370,2021-03-04 14:42:01,281253271,"RT @MarkCrypto23: Larsen's attorneys said the SEC failed to show that he knew knowingly committed any wrongdoing.

#coindesk #crypto #XRP
#‚Ä¶"
30,1367485292664528897,2021-03-04 14:41:15,2855990784,"RT @MarkCrypto23: Larsen's attorneys said the SEC failed to show that he knew knowingly committed any wrongdoing.

#coindesk #crypto #XRP
#‚Ä¶"
31,1367484723837231114,2021-03-04 14:38:59,2598245976,"RT @MarkCrypto23: The #Bitcoin price saw a retraction of earlier gains on Tuesday, but the market expects it to soon continue the long term‚Ä¶"
32,1367484699518590979,2021-03-04 14:38:53,2598245976,"RT @MarkCrypto23: Rising bond yields are a threat to the prices of hedge assets, but #bitcoin is rising as gold falls. 

#CryptoNews #coind‚Ä¶"
33,1367484672461185029,2021-03-04 14:38:47,1205544081180508160,"RT @MarkCrypto23: Larsen's attorneys said the SEC failed to show that he knew knowingly committed any wrongdoing.

#coindesk #crypto #XRP
#‚Ä¶"
34,1367484293967208452,2021-03-04 14:37:16,2598245976,RT @MarkCrypto23: The manufacturer of the mining machine listed on Nasdaq Ebang #EBON has announced plans to start mining #bitcoins using i‚Ä¶
35,1367484278490226693,2021-03-04 14:37:13,2598245976,"RT @MarkCrypto23: Currently, users of the popular trading app can only buy and sell #cryptocurrencies within their Robinhood accounts.

#BT‚Ä¶"
36,1367484200509710347,2021-03-04 14:36:54,2598245976,"RT @MarkCrypto23: Bitcoin is hovering around $52,000 as markets wait and see if the current price level is held in the next few weeks.

#Bi‚Ä¶"
37,1367484065897738242,2021-03-04 14:36:22,2598245976,"RT @MarkCrypto23: The native token exchange rate is up 45% and trades at approximately $265. #Coindesk #BNB #CAKE #cryptocurrency 

#CTBot‚Ä¶"
38,1367484028388052992,2021-03-04 14:36:13,2598245976,"RT @MarkCrypto23: The hard fork will facilitate the live conversion of #Ethereum from a proof-of-work to a proof-of-stake #blockchain.

#co‚Ä¶"
39,1367484013766729735,2021-03-04 14:36:10,2598245976,"RT @MarkCrypto23: Bitcoin briefly broke above a major resistance level of $56,000 on Friday, as ether slowly gained #bitcoin gains.

#BTC #‚Ä¶"
40,1367483977926254592,2021-03-04 14:36:01,2598245976,"RT @MarkCrypto23: Like it or not, the #decentralized web is vulnerable to worsening internet problems. Fortunately, its repair should be si‚Ä¶"
41,1367483906690347012,2021-03-04 14:35:44,2598245976,"RT @MarkCrypto23: An analyst said the ETF could reach $1 billion in assets under management by the end of next week.

#coindesk #btc #crypt‚Ä¶"
42,1367483678595686419,2021-03-04 14:34:50,2598245976,"RT @MarkCrypto23: Analysts are mixed on how low #bitcoin will be if a bigger pullback is seen.

#coindesk #crypto #BTC #CryptocurrencyNews‚Ä¶"
43,1367483552087089161,2021-03-04 14:34:20,2598245976,"RT @MarkCrypto23: Jerome Powell is likely to repeat the Fed‚Äôs pro-stimulus stance later today, possibly putting a floor under #bitcoin and‚Ä¶"
44,1367483462349897734,2021-03-04 14:33:58,936143762820022273,"RT @MarkCrypto23: Larsen's attorneys said the SEC failed to show that he knew knowingly committed any wrongdoing.

#coindesk #crypto #XRP
#‚Ä¶"
45,1367483430376775693,2021-03-04 14:33:51,2598245976,"RT @MarkCrypto23: Earlier on the call for fourth quarter earnings on Tuesday the payment firm announced it had bought an additional 3,318 #‚Ä¶"
46,1367483309161406469,2021-03-04 14:33:22,2598245976,"RT @MarkCrypto23: Nvidia said #Ethereum mining activity contributed slightly to Q4 2020 revenue.

#coindesk #Nvidia #crypto #ETH
#CTBot Adr‚Ä¶"
47,1367483133579456513,2021-03-04 14:32:40,2598245976,"RT @MarkCrypto23: The #cryptocurrency rose to $1.30, beating the former all-time high set in January 2018.

#coindesk #crypto #ADA #ATH 
#C‚Ä¶"
48,1367482768867930126,2021-03-04 14:31:13,18020605,"RT @MarkCrypto23: Larsen's attorneys said the SEC failed to show that he knew knowingly committed any wrongdoing.

#coindesk #crypto #XRP
#‚Ä¶"
49,1367482679126548481,2021-03-04 14:30:51,1087630942179651585,"RT @MarkCrypto23: Larsen's attorneys said the SEC failed to show that he knew knowingly committed any wrongdoing.

#coindesk #crypto #XRP
#‚Ä¶"
50,1367481206158336016,2021-03-04 14:25:00,1081639325945626624,"RT @MarkCrypto23: Larsen's attorneys said the SEC failed to show that he knew knowingly committed any wrongdoing.

#coindesk #crypto #XRP
#‚Ä¶"
51,1367481045608779782,2021-03-04 14:24:22,120421404,"RT @MarkCrypto23: Larsen's attorneys said the SEC failed to show that he knew knowingly committed any wrongdoing.

#coindesk #crypto #XRP
#‚Ä¶"
52,1367481000851361803,2021-03-04 14:24:11,1069285196262858752,"RT @MarkCrypto23: Larsen's attorneys said the SEC failed to show that he knew knowingly committed any wrongdoing.

#coindesk #crypto #XRP
#‚Ä¶"
53,1367480442757201926,2021-03-04 14:21:58,2598245976,"RT @MarkCrypto23: Larsen's attorneys said the SEC failed to show that he knew knowingly committed any wrongdoing.

#coindesk #crypto #XRP
#‚Ä¶"
54,1367480136816332808,2021-03-04 14:20:45,1148141627191357440,"RT @MarkCrypto23: Larsen's attorneys said the SEC failed to show that he knew knowingly committed any wrongdoing.

#coindesk #crypto #XRP
#‚Ä¶"
55,1367480097855463426,2021-03-04 14:20:36,216304968,"RT @MarkCrypto23: Larsen's attorneys said the SEC failed to show that he knew knowingly committed any wrongdoing.

#coindesk #crypto #XRP
#‚Ä¶"
56,1367480061184503810,2021-03-04 14:20:27,1327260526158569473,"RT @MarkCrypto23: Larsen's attorneys said the SEC failed to show that he knew knowingly committed any wrongdoing.

#coindesk #crypto #XRP
#‚Ä¶"
57,1367479983946534915,2021-03-04 14:20:09,569176798,"RT @MarkCrypto23: Larsen's attorneys said the SEC failed to show that he knew knowingly committed any wrongdoing.

#coindesk #crypto #XRP
#‚Ä¶"
58,1367479922680164357,2021-03-04 14:19:54,1195881902,"Larsen's attorneys said the SEC failed to show that he knew knowingly committed any wrongdoing.

#coindesk #crypto #XRP
#CTBot Adrop Ram 50 BTT 51
https://t.co/n8rTU2kd7z"
59,1367474933593473024,2021-03-04 14:00:05,1323280062,One Bitcoin now worth $49576.571. Market Cap $924.334 Billion. Based on #coindesk BPI #bitcoin
60,1367461615021387779,2021-03-04 13:07:09,1160819394978566144,"üî• #PayPal to Buy #Crypto Custody Firm Curv: Sources

üî• One source tells #CoinDesk that #Curv could be sold for as much as $500 million.

üîó Read here üîó 

https://t.co/okctJB7lhz"
61,1367444732755005445,2021-03-04 12:00:04,1323280062,One Bitcoin now worth $49396.348. Market Cap $920.971 Billion. Based on #coindesk BPI #bitcoin
62,1367414533992681473,2021-03-04 10:00:04,1323280062,One Bitcoin now worth $49150.751. Market Cap $916.389 Billion. Based on #coindesk BPI #bitcoin
63,1367384332453740545,2021-03-04 08:00:04,1323280062,One Bitcoin now worth $49743.374. Market Cap $927.436 Billion. Based on #coindesk BPI #bitcoin
64,1367354133557215233,2021-03-04 06:00:04,1323280062,One Bitcoin now worth $49704.244. Market Cap $926.702 Billion. Based on #coindesk BPI #bitcoin
65,1367323937756106766,2021-03-04 04:00:05,1323280062,One Bitcoin now worth $49555.565. Market Cap $923.924 Billion. Based on #coindesk BPI #bitcoin
66,1367308380444844035,2021-03-04 02:58:15,737142202481016832,"RT @ConsiliumCrypto: Valkyrie Digital Assets filed an application recently for a Bitcoin ETF, the second such filing in the last 30 days. T‚Ä¶"
67,1367296933912600577,2021-03-04 02:12:46,17781898,"#Bitcoin: this year I stand to make $200 million more than #ElonMusk via @TC_Africa https://t.co/16Q242Ua49
#cryptocurrencies #Bitcoin #altcoin #Dogecoins #EthernityChain #Tether #Litecoin #digital #coin #COVIDIOT #MeToo #coinbase #coindesk #royalehightrades #StrengthInTheNorth"
68,1367293737408159745,2021-03-04 02:00:04,1323280062,One Bitcoin now worth $51574.866. Market Cap $961.568 Billion. Based on #coindesk BPI #bitcoin
69,1367263539275198467,2021-03-04 00:00:04,1323280062,One Bitcoin now worth $50424.580. Market Cap $940.120 Billion. Based on #coindesk BPI #bitcoin
70,1367263340175654913,2021-03-03 23:59:17,1339304522003472387,"This guys wins trades in 2 minutes. üëÄ
#Blockchain #Cryptocurrency #Crypto #BitcoinTalk #CoinDesk https://t.co/LLZqS3NXDS"
71,1367242890288660485,2021-03-03 22:38:01,931640982566731779,"Valkyrie Digital Assets filed an application recently for a Bitcoin ETF, the second such filing in the last 30 days. The Valkyrie Bitcoin Fund would be listed on the NYSE. 

#cryptocurrency #blockchain #bitcoin #ethereum #digitalassets #coindesk #bigdata
https://t.co/8sksypdvNO"
72,1367233339413921796,2021-03-03 22:00:04,1323280062,One Bitcoin now worth $50952.370. Market Cap $949.957 Billion. Based on #coindesk BPI #bitcoin
73,1367220742639730693,2021-03-03 21:10:01,336257832,"Former SEC Branch Chief @LisaBraganca joins ""First Mover"" to provide her insights into how Gensler could reshape the SEC, how the SEC is likely to respond to corporations adding BTC to their treasuries Via @coindesk #CoinDesk #GaryGensler #SEC #Congress   https://t.co/j22bFHNfMQ"
74,1367203189787922432,2021-03-03 20:00:16,1323280062,One Bitcoin now worth $50887.618. Market Cap $948.746 Billion. Based on #coindesk BPI #bitcoin
75,1367193085235634183,2021-03-03 19:20:07,118228411,"RT @iswholdings: The Hot Debate: Can Bitcoin Help People Who Aren't Already Rich? And What Is Bitcoin, Exactly? - CoinDesk https://t.co/NjJ‚Ä¶"
76,1367192997754978306,2021-03-03 19:19:46,118228411,"RT @iswholdings: Bitcoin Retakes $50K, a Key Level for a Bull Revival - CoinDesk https://t.co/xAJkjZOJYL

#ISWHoldings #Bitcoin #CoinDesk h‚Ä¶"
77,1367182621982261251,2021-03-03 18:38:32,1054030398030835717,"RT @iswholdings: The Hot Debate: Can Bitcoin Help People Who Aren't Already Rich? And What Is Bitcoin, Exactly? - CoinDesk https://t.co/NjJ‚Ä¶"
78,1367172944242356226,2021-03-03 18:00:05,1323280062,One Bitcoin now worth $51374.944. Market Cap $957.827 Billion. Based on #coindesk BPI #bitcoin
79,1367171431054929920,2021-03-03 17:54:04,743700121997578240,"$Hive Blockchain Sees Q3 Crypto Mining Income Double to $13.7M - CoinDesk

https://t.co/33x46tI363

#HiveBlockchain #Bitcoin #coindesk https://t.co/UFdOfPnK6B"
80,1367162025739227151,2021-03-03 17:16:42,2270756894,"RT @iswholdings: The Hot Debate: Can Bitcoin Help People Who Aren't Already Rich? And What Is Bitcoin, Exactly? - CoinDesk https://t.co/NjJ‚Ä¶"
81,1367158395736891396,2021-03-03 17:02:16,3091473064,"RT @iswholdings: The Hot Debate: Can Bitcoin Help People Who Aren't Already Rich? And What Is Bitcoin, Exactly? - CoinDesk https://t.co/NjJ‚Ä¶"
82,1367152614044016643,2021-03-03 16:39:18,3091473064,"RT @iswholdings: Bitcoin Retakes $50K, a Key Level for a Bull Revival - CoinDesk https://t.co/xAJkjZOJYL

#ISWHoldings #Bitcoin #CoinDesk h‚Ä¶"
83,1367151851557314565,2021-03-03 16:36:16,242980801,"RT @iswholdings: Bitcoin Retakes $50K, a Key Level for a Bull Revival - CoinDesk https://t.co/xAJkjZOJYL

#ISWHoldings #Bitcoin #CoinDesk h‚Ä¶"
84,1367148087253340167,2021-03-03 16:21:19,743839010,"RT @iswholdings: The Hot Debate: Can Bitcoin Help People Who Aren't Already Rich? And What Is Bitcoin, Exactly? - CoinDesk https://t.co/NjJ‚Ä¶"
85,1367148042894389249,2021-03-03 16:21:08,743839010,"RT @iswholdings: Bitcoin Retakes $50K, a Key Level for a Bull Revival - CoinDesk https://t.co/xAJkjZOJYL

#ISWHoldings #Bitcoin #CoinDesk h‚Ä¶"
86,1367144297699684355,2021-03-03 16:06:15,3392342609,"Bitcoin Retakes $50K, a Key Level for a Bull Revival - CoinDesk https://t.co/xAJkjZOJYL

#ISWHoldings #Bitcoin #CoinDesk https://t.co/huPbXsB30r"
87,1367143893033172994,2021-03-03 16:04:39,3392342609,"The Hot Debate: Can Bitcoin Help People Who Aren't Already Rich? And What Is Bitcoin, Exactly? - CoinDesk https://t.co/NjJJ0Axaqm

#ISWHoldings #CoinDesk #Bitcoin https://t.co/VgZ4r2IJoH"
88,1367142743357743109,2021-03-03 16:00:04,1323280062,One Bitcoin now worth $50784.577. Market Cap $946.817 Billion. Based on #coindesk BPI #bitcoin
89,1367140780108824583,2021-03-03 15:52:16,1222963579311263744,"RT @mstrade: ‚ö°Ô∏èThe value of #bitcoin dropped sharply on February 23, decreasing below $ 50,000 per coin. Back on February 21, Bitcoin was t‚Ä¶"
90,1367137200261971970,2021-03-03 15:38:03,985950136177250305,"üì∞ Sign up for our newsletter and get weekly round ups of the latest news in the crypto world.

‚úÖ https://t.co/LjPHSvrIB0
#bitcoin #crypto #wsjournal #cnbc #coindesk #decrypt #cointelegraph #bloomberg"
91,1367112545308393473,2021-03-03 14:00:05,1323280062,One Bitcoin now worth $51563.012. Market Cap $961.326 Billion. Based on #coindesk BPI #bitcoin
92,1367101513085157377,2021-03-03 13:16:14,56086017,"RT @MarkCrypto23: The #cryptocurrency rose to $1.30, beating the former all-time high set in January 2018.

#coindesk #crypto #ADA #ATH 
#C‚Ä¶"
93,1367082346382577667,2021-03-03 12:00:05,1323280062,One Bitcoin now worth $51657.281. Market Cap $963.079 Billion. Based on #coindesk BPI #bitcoin
94,1367052143350468609,2021-03-03 10:00:04,1323280062,One Bitcoin now worth $51468.419. Market Cap $959.553 Billion. Based on #coindesk BPI #bitcoin
95,1367021947381514245,2021-03-03 08:00:04,1323280062,One Bitcoin now worth $49747.981. Market Cap $927.475 Billion. Based on #coindesk BPI #bitcoin
96,1366997552835387393,2021-03-03 06:23:08,1102381011365552128,"RT @genesisblockhk: #PayPal is in the process of buying #Cryptocurrency custody firm Curv, a #Technology firm focusing on the secure storag‚Ä¶"
97,1366995502252834818,2021-03-03 06:14:59,913325671388033024,"#PayPal is in the process of buying #Cryptocurrency custody firm Curv, a #Technology firm focusing on the secure storage of #Crypto assets, according to #CoinDesk's report. 
https://t.co/WWaDp5UB8E"
98,1366991745448353792,2021-03-03 06:00:04,1323280062,One Bitcoin now worth $49124.010. Market Cap $915.840 Billion. Based on #coindesk BPI #bitcoin
99,1366985487857176579,2021-03-03 05:35:12,235684766,"RT @SpirosMargaris: Lessons from #CoinDesk's 

One-Day #YouTube #Shutdown 

https://t.co/QcnpGlzC6Q #fintech #crypto #bitcoin @ollieleeech‚Ä¶"
100,1366979421056495618,2021-03-03 05:11:05,2711212681,"RT @SpirosMargaris: Lessons from #CoinDesk's 

One-Day #YouTube #Shutdown 

https://t.co/QcnpGlzC6Q #fintech #crypto #bitcoin @ollieleeech‚Ä¶"
101,1366978768900939777,2021-03-03 05:08:30,890844439442325504,"RT @SpirosMargaris: Lessons from #CoinDesk's 

One-Day #YouTube #Shutdown 

https://t.co/QcnpGlzC6Q #fintech #crypto #bitcoin @ollieleeech‚Ä¶"
102,1366961545499000836,2021-03-03 04:00:04,1323280062,One Bitcoin now worth $48755.741. Market Cap $908.971 Billion. Based on #coindesk BPI #bitcoin
103,1366949346130882565,2021-03-03 03:11:35,1166772455417024512,#BitGo #CoinDesk PayPal To Buy Cryptocurrency Custodian Curv: Report https://t.co/smkptmjsGl https://t.co/omCbDMaxgR
104,1366931348116619267,2021-03-03 02:00:04,1323280062,One Bitcoin now worth $48853.398. Market Cap $910.785 Billion. Based on #coindesk BPI #bitcoin
105,1366901152005189638,2021-03-03 00:00:05,1323280062,One Bitcoin now worth $48428.451. Market Cap $902.857 Billion. Based on #coindesk BPI #bitcoin
106,1366886314331627523,2021-03-02 23:01:07,1211374705644433408,"#AxisOfEasy 185: Merkel: Everyone Agreed That We Need A Digital Vaccination Certificate

https://t.co/CwW8bFCU34

##AxisOfEasy #APT31 #Bitwarden #C-10 #Coindesk #CVE-2021-21315 #Gab #immunitypassports #InternetSociety #Lastpass #Mattermost #MelindaMills #minimumwage (1/2)"
107,1366870955277090818,2021-03-02 22:00:05,1323280062,One Bitcoin now worth $47476.518. Market Cap $885.109 Billion. Based on #coindesk BPI #bitcoin
108,1366849999225683969,2021-03-02 20:36:49,2281314234,Lessons from CoinDesks One-Day YouTube Shutdown - CoinDesk #bitcoin #fintech #CoinDesk #YouTube #Shutdown #crypto @SpirosMargaris https://t.co/bbJOyaTszZ https://t.co/yVS9AzcIRr
109,1366849965973241856,2021-03-02 20:36:41,2711212681,"Lessons from #CoinDesk's 

One-Day #YouTube #Shutdown 

https://t.co/QcnpGlzC6Q #fintech #crypto #bitcoin @ollieleeech @mikejcasey #SocialMedia @CoinDesk https://t.co/1iynIckGhV"
110,1366840752878333953,2021-03-02 20:00:04,1323280062,One Bitcoin now worth $47506.770. Market Cap $885.668 Billion. Based on #coindesk BPI #bitcoin
111,1366835932662558721,2021-03-02 19:40:55,1332568023660695553,that was supposed to be a link at a podcast about #GaryGensler at #coindesk
112,1366819835993333763,2021-03-02 18:36:57,1291449051460677632,RT @BTCticker: One Bitcoin now worth $49624.362. Market Cap $925.109 Billion. Based on #coindesk BPI #bitcoin
113,1366814710419525633,2021-03-02 18:16:35,17781898,"Lowering The #Electricity Bill By #Mining #Cryptocurrency via @hackaday https://t.co/0QiN9ZMLey 

#CryptoNews #bitcoin #dogecoin #coinbase #EV #ETH #Fortnite #gold #GMEGANG #Shorts #HODL #Apple #coindesk #JIMIN #Litecoin #OnePlus #FarmersProstests #RUNBTS"
114,1366810551494602753,2021-03-02 18:00:04,1323280062,One Bitcoin now worth $47897.270. Market Cap $892.942 Billion. Based on #coindesk BPI #bitcoin
115,1366787732874399749,2021-03-02 16:29:23,474139477,RT @MarcoDaCostaFX: $PYPL üí≥ #PAYPAL BUYING #CRYPTO STORAGE FIRM #CURV: #COINDESK CITING SOURCES
116,1366786283419414530,2021-03-02 16:23:38,118794845,$PYPL üí≥ #PAYPAL BUYING #CRYPTO STORAGE FIRM #CURV: #COINDESK CITING SOURCES
117,1366784170626867201,2021-03-02 16:15:14,712213537179959296,RT @3Sigmamarkets: #PAYPAL BUYING #CRYPTO STORAGE FIRM CURV: #COINDESK CITING SOURCES
118,1366781193937682440,2021-03-02 16:03:24,1275489460000559112,#PAYPAL BUYING #CRYPTO STORAGE FIRM CURV: #COINDESK CITING SOURCES
119,1366780353084616705,2021-03-02 16:00:04,1323280062,One Bitcoin now worth $48669.727. Market Cap $907.341 Billion. Based on #coindesk BPI #bitcoin
120,1366757101691949058,2021-03-02 14:27:40,892375863353892868,"#CoinDesk: #Dogecoin Bounds Onto 1,800 ATMs in the US.
https://t.co/pNGcCphln1

via @GoogleNews"
121,1366752035132108810,2021-03-02 14:07:32,1131854274223366144,"RT @PolyswarmU: @Polyswarm is making another run... This wouldn't be the last one.  üöÄüöÄüöÄ Available on #Hitbtc and #Uniswap
$NCT #altcoin #Cy‚Ä¶"
122,1366750155941249025,2021-03-02 14:00:04,1323280062,One Bitcoin now worth $49054.567. Market Cap $914.512 Billion. Based on #coindesk BPI #bitcoin
123,1366737012242477056,2021-03-02 13:07:51,1362677809802534918,"@Polyswarm is making another run... This wouldn't be the last one.  üöÄüöÄüöÄ Available on #Hitbtc and #Uniswap
$NCT #altcoin #CyberSecurity #virustotal #cryptocurrency #Coindesk #hiddengem"
124,1366733458664398850,2021-03-02 12:53:43,577795812,#Bitcoin #Options #Traders Are Taking #Bullish #Bets on $75K and Higher By Summer - #CoinDesk  https://t.co/8B3QZPNjDs
125,1366719954431672320,2021-03-02 12:00:04,1323280062,One Bitcoin now worth $48884.322. Market Cap $911.335 Billion. Based on #coindesk BPI #bitcoin
126,1366689757573640192,2021-03-02 10:00:04,1323280062,One Bitcoin now worth $49166.583. Market Cap $916.593 Billion. Based on #coindesk BPI #bitcoin
127,1366689217259204610,2021-03-02 09:57:55,1357438684191195140,@nroushkg @CoinMarketCap @RapidsRPD That‚Äôs a game changer . We will soar with Rapids to Mars .Waiting for that day to become reality. In the meantime let me get some more rapids before the reduction . #crex24 #Binance #coindesk #CryptoNews #blockfolio #bitcoin #NFTs #games #streaming #masternodes #passiveincome
128,1366659557783666688,2021-03-02 08:00:04,1323280062,One Bitcoin now worth $48500.582. Market Cap $904.174 Billion. Based on #coindesk BPI #bitcoin
129,1366629360833335297,2021-03-02 06:00:05,1323280062,One Bitcoin now worth $48780.422. Market Cap $909.386 Billion. Based on #coindesk BPI #bitcoin
130,1366599158912741378,2021-03-02 04:00:04,1323280062,One Bitcoin now worth $49020.048. Market Cap $913.850 Billion. Based on #coindesk BPI #bitcoin
131,1366583052768526336,2021-03-02 02:56:04,1355278989993136131,"RT @NathanW97552101: Let's Rocket, dont stop now, #DOGE let's have #DogecoinToTheMoon then #DogecointoMars the #DogecointoPluto!!!  Who's u‚Ä¶"
132,1366580225593778178,2021-03-02 02:44:50,1355278989993136131,"Let's Rocket, dont stop now, #DOGE let's have #DogecoinToTheMoon then #DogecointoMars the #DogecointoPluto!!!  Who's up for it? Retweet!  #ElonMusk #CryptoNews #Coinbase #CoinDesk #MSNBC #WallStreet #wallstreetsbets"
133,1366568963199623171,2021-03-02 02:00:05,1323280062,One Bitcoin now worth $49455.343. Market Cap $921.962 Billion. Based on #coindesk BPI #bitcoin
134,1366538763820744706,2021-03-02 00:00:05,1323280062,One Bitcoin now worth $49624.362. Market Cap $925.109 Billion. Based on #coindesk BPI #bitcoin
135,1366508560776130563,2021-03-01 22:00:04,1323280062,One Bitcoin now worth $48844.393. Market Cap $910.566 Billion. Based on #coindesk BPI #bitcoin
136,1366506279913615361,2021-03-01 21:51:00,13065122,"""The Hash,"" starring my frenemy @naomibrockwell among others, is pretty cool.

https://t.co/bAEEJTkpjx

#crypto #bitcoin #btc #coindesk"
137,1366504976818798596,2021-03-01 21:45:49,866655725812154369,"RT @SiaTechHQ: #CoinDesk was de-platformed for ""Content that encourages illegal activities or incites users to violate YouTube's guidelines‚Ä¶"
138,1366495764218671106,2021-03-01 21:09:13,2660021274,"I understand the hype, but I don't understand the utility with investing in cryptocurrency. Until businesses start trading with it, I see no reason to go crazy over it.
https://t.co/ZYe0fnJpsF #cryptocurrency #bitcoin #Ethereum #litecoin #dogecoin #robinhood #webull #coindesk"
139,1366478362823315465,2021-03-01 20:00:04,1323280062,One Bitcoin now worth $48353.584. Market Cap $901.410 Billion. Based on #coindesk BPI #bitcoin
140,1366448161523453958,2021-03-01 18:00:03,1323280062,One Bitcoin now worth $48633.292. Market Cap $906.622 Billion. Based on #coindesk BPI #bitcoin
141,1366440267474030597,2021-03-01 17:28:41,537472876,RT @MarkCrypto23: Some analysts are concerned that rising bond yields could prompt the Federal Reserve to tighten the monetary policy  loos‚Ä¶
142,1366432876875685900,2021-03-01 16:59:19,1222942811177222145,"RT @mstrade: ‚ö°Ô∏èThe value of #bitcoin dropped sharply on February 23, decreasing below $ 50,000 per coin. Back on February 21, Bitcoin was t‚Ä¶"
143,1366417967005790210,2021-03-01 16:00:04,1323280062,One Bitcoin now worth $49205.324. Market Cap $917.282 Billion. Based on #coindesk BPI #bitcoin
144,1366387766033084426,2021-03-01 14:00:04,1323280062,One Bitcoin now worth $48000.406. Market Cap $894.817 Billion. Based on #coindesk BPI #bitcoin
145,1366357947157147651,2021-03-01 12:01:34,965175747831676928,"RT @SiaTechHQ: #CoinDesk was de-platformed for ""Content that encourages illegal activities or incites users to violate YouTube's guidelines‚Ä¶"
146,1366357570575880194,2021-03-01 12:00:05,1323280062,One Bitcoin now worth $47876.030. Market Cap $892.496 Billion. Based on #coindesk BPI #bitcoin
147,1366342176662167562,2021-03-01 10:58:54,1366027959153270784,RT @MarkCrypto23: Some analysts are concerned that rising bond yields could prompt the Federal Reserve to tighten the monetary policy  loos‚Ä¶
148,1366327368651059206,2021-03-01 10:00:04,1323280062,One Bitcoin now worth $47484.366. Market Cap $885.191 Billion. Based on #coindesk BPI #bitcoin
149,1366297169892945922,2021-03-01 08:00:04,1323280062,One Bitcoin now worth $46373.953. Market Cap $864.487 Billion. Based on #coindesk BPI #bitcoin
150,1366286588947365889,2021-03-01 07:18:01,1291449051460677632,RT @BTCticker: One Bitcoin now worth $45201.506. Market Cap $842.620 Billion. Based on #coindesk BPI #bitcoin
151,1366266972539863040,2021-03-01 06:00:04,1323280062,One Bitcoin now worth $46288.481. Market Cap $862.891 Billion. Based on #coindesk BPI #bitcoin
152,1366250476812009474,2021-03-01 04:54:32,246124936,RT @MarkCrypto23: Some analysts are concerned that rising bond yields could prompt the Federal Reserve to tighten the monetary policy  loos‚Ä¶
153,1366249070893821955,2021-03-01 04:48:56,1177684632591982592,RT @MarkCrypto23: Some analysts are concerned that rising bond yields could prompt the Federal Reserve to tighten the monetary policy  loos‚Ä¶
154,1366244266654134273,2021-03-01 04:29:51,1331159788537794561,RT @MarkCrypto23: Some analysts are concerned that rising bond yields could prompt the Federal Reserve to tighten the monetary policy  loos‚Ä¶
155,1366239723035918337,2021-03-01 04:11:48,1018460856642760706,RT @MarkCrypto23: Some analysts are concerned that rising bond yields could prompt the Federal Reserve to tighten the monetary policy  loos‚Ä¶
156,1366238740407078914,2021-03-01 04:07:53,601145188,RT @mikearroyo: Bitcoin | The Future Of Cryptocurrencies | Expert Interview with MicroSt... https://t.co/34sedui7CB via @YouTube #Crypto #c‚Ä¶
157,1366236769855889413,2021-03-01 04:00:04,1323280062,One Bitcoin now worth $46395.034. Market Cap $864.875 Billion. Based on #coindesk BPI #bitcoin
158,1366236437457215492,2021-03-01 03:58:44,936143762820022273,RT @MarkCrypto23: Some analysts are concerned that rising bond yields could prompt the Federal Reserve to tighten the monetary policy  loos‚Ä¶
159,1366230381603659780,2021-03-01 03:34:40,1280915770373885958,RT @MarkCrypto23: Some analysts are concerned that rising bond yields could prompt the Federal Reserve to tighten the monetary policy  loos‚Ä¶
160,1366229232058269698,2021-03-01 03:30:06,314992909,RT @MarkCrypto23: Some analysts are concerned that rising bond yields could prompt the Federal Reserve to tighten the monetary policy  loos‚Ä¶
161,1366227690534166528,2021-03-01 03:23:59,1365014601960677377,RT @MarkCrypto23: Some analysts are concerned that rising bond yields could prompt the Federal Reserve to tighten the monetary policy  loos‚Ä¶
162,1366225295833882625,2021-03-01 03:14:28,1029562173893144576,RT @MarkCrypto23: Some analysts are concerned that rising bond yields could prompt the Federal Reserve to tighten the monetary policy  loos‚Ä¶
163,1366224024238493696,2021-03-01 03:09:25,330689357,RT @MarkCrypto23: Some analysts are concerned that rising bond yields could prompt the Federal Reserve to tighten the monetary policy  loos‚Ä¶
164,1366222327743012866,2021-03-01 03:02:40,857946275399860225,RT @MarkCrypto23: Some analysts are concerned that rising bond yields could prompt the Federal Reserve to tighten the monetary policy  loos‚Ä¶
165,1366221938704584705,2021-03-01 03:01:08,1049304456179798021,RT @MarkCrypto23: Some analysts are concerned that rising bond yields could prompt the Federal Reserve to tighten the monetary policy  loos‚Ä¶
166,1366220766061076483,2021-03-01 02:56:28,1069285196262858752,RT @MarkCrypto23: Some analysts are concerned that rising bond yields could prompt the Federal Reserve to tighten the monetary policy  loos‚Ä¶
167,1366220531805134852,2021-03-01 02:55:32,3293454098,RT @MarkCrypto23: Some analysts are concerned that rising bond yields could prompt the Federal Reserve to tighten the monetary policy  loos‚Ä¶
168,1366220368420118531,2021-03-01 02:54:53,503156532,RT @MarkCrypto23: Some analysts are concerned that rising bond yields could prompt the Federal Reserve to tighten the monetary policy  loos‚Ä¶
169,1366219883181039624,2021-03-01 02:52:57,569176798,RT @MarkCrypto23: Some analysts are concerned that rising bond yields could prompt the Federal Reserve to tighten the monetary policy  loos‚Ä¶
170,1366219832501313536,2021-03-01 02:52:45,1195881902,"Some analysts are concerned that rising bond yields could prompt the Federal Reserve to tighten the monetary policy  loosely, prompting a correction in assets perceived as risky.

#coindesk #crypto #BTC 
#CTBot Adrop Ram 50 BTT 51
https://t.co/hrioFT7oVb"
171,1366213326133469190,2021-03-01 02:26:54,2489470486,"RT @pangea_FourFive: Much Wow 2.0
#doge #dogecointoadollar #DOGE #dogeto1dollar #dogetothemoon #dogearmy #Dogecoins #DogecoinToTheMoon #dog‚Ä¶"
172,1366211125184897025,2021-03-01 02:18:09,1316580705258799105,"Much Wow 2.0
#doge #dogecointoadollar #DOGE #dogeto1dollar #dogetothemoon #dogearmy #Dogecoins #DogecoinToTheMoon #dogecointo1dollar #DogecoinRise #dogecoinrevolution #dogememes #DogecoinGameJam #dogefam #Robinhood #Coinbase #coindesk #Trending #ElonMusk #StocksToWatch #Crypto https://t.co/skb2KZLUCe https://t.co/XrNpKVps8m"
173,1366206575178899462,2021-03-01 02:00:05,1323280062,One Bitcoin now worth $46302.639. Market Cap $863.150 Billion. Based on #coindesk BPI #bitcoin
174,1366193800121643009,2021-03-01 01:09:19,1363919284116852738,"RT @SiaTechHQ: #CoinDesk was de-platformed for ""Content that encourages illegal activities or incites users to violate YouTube's guidelines‚Ä¶"
175,1366176374575280129,2021-03-01 00:00:04,1323280062,One Bitcoin now worth $45201.506. Market Cap $842.620 Billion. Based on #coindesk BPI #bitcoin
176,1366150809680019457,2021-02-28 22:18:29,14189841,Bitcoin | The Future Of Cryptocurrencies | Expert Interview with MicroSt... https://t.co/34sedui7CB via @YouTube #Crypto #cryptocurrencies #Bitcoin #xrp #Binance #Ethereum #ada #Cardano #dogearmy #dogsoftwitter #Dogecoins #RIOT #CoinDesk #Coinbase #FederalBank #usa #Litecoin
177,1366146173476683779,2021-02-28 22:00:04,1323280062,One Bitcoin now worth $45265.475. Market Cap $843.810 Billion. Based on #coindesk BPI #bitcoin
178,1366144616144191491,2021-02-28 21:53:52,1185802513745956864,"Full support to #coindesk. The #gafas (#youtube, #Facebook are enjoying their power) and acting like real #dictatorship
#Blockchain will take care of you soon. Your time is coming soon. üòÅüöÄüöÄ #yacestarceo #Cryptoannuaire"
179,1366115976463458312,2021-02-28 20:00:04,1323280062,One Bitcoin now worth $44534.458. Market Cap $830.180 Billion. Based on #coindesk BPI #bitcoin
180,1366098412987375617,2021-02-28 18:50:17,1365100595435229185,Digital Assets Under Management in ETPs Rose 50% to $43.9B in February: Report - #CoinDesk https://t.co/BCbuw4bZxl
181,1366085779546640385,2021-02-28 18:00:05,1323280062,One Bitcoin now worth $43244.860. Market Cap $806.137 Billion. Based on #coindesk BPI #bitcoin
182,1366055577969958922,2021-02-28 16:00:04,1323280062,One Bitcoin now worth $43451.397. Market Cap $809.983 Billion. Based on #coindesk BPI #bitcoin
183,1366025377223745539,2021-02-28 14:00:04,1323280062,One Bitcoin now worth $44525.567. Market Cap $830.003 Billion. Based on #coindesk BPI #bitcoin
184,1366018635731529735,2021-02-28 13:33:16,19365746,"RT @SiaTechHQ: #CoinDesk was de-platformed for ""Content that encourages illegal activities or incites users to violate YouTube's guidelines‚Ä¶"
185,1365995179371466753,2021-02-28 12:00:04,1323280062,One Bitcoin now worth $45359.953. Market Cap $845.555 Billion. Based on #coindesk BPI #bitcoin
186,1365993470754750465,2021-02-28 11:53:17,281253271,"RT @MarkCrypto23: FINRA, the SEC and the New York Attorney General's Office are all asking the trading app provider.

#coindesk #blockchain‚Ä¶"
187,1365991271781830659,2021-02-28 11:44:32,2855990784,"RT @MarkCrypto23: FINRA, the SEC and the New York Attorney General's Office are all asking the trading app provider.

#coindesk #blockchain‚Ä¶"
188,1365964980537942017,2021-02-28 10:00:04,1323280062,One Bitcoin now worth $45205.283. Market Cap $842.668 Billion. Based on #coindesk BPI #bitcoin
189,1365960165535731715,2021-02-28 09:40:56,1040251151873179648,"""Asshole marketing"" - Food for thought anyone?https://t.co/jOyJkWuH6H #cryptotwitter #coindesk #hive #3speak"
190,1365940498674950144,2021-02-28 08:22:47,2598245976,"RT @MarkCrypto23: FINRA, the SEC and the New York Attorney General's Office are all asking the trading app provider.

#coindesk #blockchain‚Ä¶"
191,1365934785277878272,2021-02-28 08:00:05,1323280062,One Bitcoin now worth $44536.791. Market Cap $830.204 Billion. Based on #coindesk BPI #bitcoin
192,1365931500068245511,2021-02-28 07:47:02,631163831,"RT @MarkCrypto23: FINRA, the SEC and the New York Attorney General's Office are all asking the trading app provider.

#coindesk #blockchain‚Ä¶"
193,1365925237552988163,2021-02-28 07:22:08,246124936,"RT @MarkCrypto23: FINRA, the SEC and the New York Attorney General's Office are all asking the trading app provider.

#coindesk #blockchain‚Ä¶"
194,1365924286968385536,2021-02-28 07:18:22,971459395669278721,please download all free mining mobile apps and use my given codes and join my team https://t.co/wqLjhq3mVI #cryptocurrency #blockchain #TRADINGTIPS #MiningBtc #cryptocurrencies #Airdrop #TrendingNow #India #Indian #IndiaWantsBitcoin #Wazirx #Coinbase #CoinDesk #Coinmarketcap https://t.co/7v2TUEyt2m
195,1365922940944936962,2021-02-28 07:13:01,18020605,"RT @MarkCrypto23: FINRA, the SEC and the New York Attorney General's Office are all asking the trading app provider.

#coindesk #blockchain‚Ä¶"
196,1365910193482199040,2021-02-28 06:22:22,1087630942179651585,"RT @MarkCrypto23: FINRA, the SEC and the New York Attorney General's Office are all asking the trading app provider.

#coindesk #blockchain‚Ä¶"
197,1365904583093063681,2021-02-28 06:00:04,1323280062,One Bitcoin now worth $44748.924. Market Cap $834.155 Billion. Based on #coindesk BPI #bitcoin
198,1365896438589386752,2021-02-28 05:27:42,2815599988,"RT @AltcoinDailyio: EMERGENCY: YOUTUBE HAS JUST DELETED @COINDESK'S ENTIRE CHANNEL!! üö®

THEY CLAIM #BITCOIN IS AN ""ILLEGAL ACTIVITY""?!

AS‚Ä¶"
199,1365874383168958464,2021-02-28 04:00:04,1323280062,One Bitcoin now worth $44824.347. Market Cap $835.559 Billion. Based on #coindesk BPI #bitcoin
200,1365863539160752132,2021-02-28 03:16:58,936143762820022273,"RT @MarkCrypto23: FINRA, the SEC and the New York Attorney General's Office are all asking the trading app provider.

#coindesk #blockchain‚Ä¶"
201,1365851202811011078,2021-02-28 02:27:57,1205544081180508160,"RT @MarkCrypto23: FINRA, the SEC and the New York Attorney General's Office are all asking the trading app provider.

#coindesk #blockchain‚Ä¶"
202,1365844282142302212,2021-02-28 02:00:27,838207075696144384,"RT @SiaTechHQ: #CoinDesk was de-platformed for ""Content that encourages illegal activities or incites users to violate YouTube's guidelines‚Ä¶"
203,1365844182997348352,2021-02-28 02:00:04,1323280062,One Bitcoin now worth $46541.985. Market Cap $867.573 Billion. Based on #coindesk BPI #bitcoin
204,1365840849687379974,2021-02-28 01:46:49,577795812,#MoneyGram Puts Relationship With #Ripple #XRP on Hold - #CoinDesk $xrp  https://t.co/CrDAluZRIH
205,1365839353512034305,2021-02-28 01:40:52,1018460856642760706,"RT @MarkCrypto23: FINRA, the SEC and the New York Attorney General's Office are all asking the trading app provider.

#coindesk #blockchain‚Ä¶"
206,1365832199140958213,2021-02-28 01:12:26,330689357,"RT @MarkCrypto23: Komodo's AtomicDEX seeks to connect #Ethereum to #Bitcoin and other UTXO networks.

#coindesk #crypto #BTC #ETH 
#CTBot A‚Ä¶"
207,1365832087736119299,2021-02-28 01:12:00,330689357,"RT @MarkCrypto23: The #cryptocurrency rose to $1.30, beating the former all-time high set in January 2018.

#coindesk #crypto #ADA #ATH 
#C‚Ä¶"
208,1365830419246112770,2021-02-28 01:05:22,330689357,"RT @MarkCrypto23: FINRA, the SEC and the New York Attorney General's Office are all asking the trading app provider.

#coindesk #blockchain‚Ä¶"
209,1365826551384793088,2021-02-28 00:50:00,935525036491984897,"RT @SiaTechHQ: #CoinDesk was de-platformed for ""Content that encourages illegal activities or incites users to violate YouTube's guidelines‚Ä¶"
210,1365825080056451073,2021-02-28 00:44:09,1118904578274054144,"RT @MarkCrypto23: FINRA, the SEC and the New York Attorney General's Office are all asking the trading app provider.

#coindesk #blockchain‚Ä¶"
211,1365821759165894656,2021-02-28 00:30:57,1177684632591982592,"RT @MarkCrypto23: FINRA, the SEC and the New York Attorney General's Office are all asking the trading app provider.

#coindesk #blockchain‚Ä¶"
212,1365817308522844162,2021-02-28 00:13:16,1280915770373885958,"RT @MarkCrypto23: FINRA, the SEC and the New York Attorney General's Office are all asking the trading app provider.

#coindesk #blockchain‚Ä¶"
213,1365813985828892680,2021-02-28 00:00:04,1323280062,One Bitcoin now worth $46218.048. Market Cap $861.532 Billion. Based on #coindesk BPI #bitcoin
214,1365811433565532164,2021-02-27 23:49:55,1073351604450050048,"RT @MarkCrypto23: FINRA, the SEC and the New York Attorney General's Office are all asking the trading app provider.

#coindesk #blockchain‚Ä¶"
215,1365811385100341248,2021-02-27 23:49:44,1365014601960677377,"RT @MarkCrypto23: FINRA, the SEC and the New York Attorney General's Office are all asking the trading app provider.

#coindesk #blockchain‚Ä¶"
216,1365811177863938052,2021-02-27 23:48:55,1365368823281573890,"RT @MarkCrypto23: FINRA, the SEC and the New York Attorney General's Office are all asking the trading app provider.

#coindesk #blockchain‚Ä¶"
217,1365810303393390592,2021-02-27 23:45:26,569176798,"RT @MarkCrypto23: FINRA, the SEC and the New York Attorney General's Office are all asking the trading app provider.

#coindesk #blockchain‚Ä¶"
218,1365810239434412036,2021-02-27 23:45:11,1195881902,"FINRA, the SEC and the New York Attorney General's Office are all asking the trading app provider.

#coindesk #blockchain #crypto #RobinhoodApp 
#CTBot Adrop Ram 50 BTT 50
https://t.co/mN9TcjSrsF"
219,1365810033754333186,2021-02-27 23:44:22,1242056439599947777,"RT @SiaTechHQ: #CoinDesk was de-platformed for ""Content that encourages illegal activities or incites users to violate YouTube's guidelines‚Ä¶"
220,1365805140247207939,2021-02-27 23:24:55,1212492350083100672,"RT @SiaTechHQ: #CoinDesk was de-platformed for ""Content that encourages illegal activities or incites users to violate YouTube's guidelines‚Ä¶"
221,1365796841225412610,2021-02-27 22:51:56,2309169806,"RT @SiaTechHQ: #CoinDesk was de-platformed for ""Content that encourages illegal activities or incites users to violate YouTube's guidelines‚Ä¶"
222,1365792924546592777,2021-02-27 22:36:23,4702973775,"RT @SiaTechHQ: #CoinDesk was de-platformed for ""Content that encourages illegal activities or incites users to violate YouTube's guidelines‚Ä¶"
223,1365788844763701249,2021-02-27 22:20:10,398853231,"RT @ob_servant: #YouTube Suspends #CoinDesk‚Äôs Channel (UPDATED) https://t.co/TQijfew7FB via @coindesk 

#Bitcoin #ETH #Litecoin #altcoins #‚Ä¶"
224,1365786290843705345,2021-02-27 22:10:01,336257832,'The Breakdown' With Nathaniel Whittemore - Why @CathieDWood Thinks Bitcoin Could Replace Bonds @ARKInvest founder #ARKInvestment @BreakdownNLW @nlw #Podcast #BreakdownNLW¬†@coindesk #CoinDesk #SEC #ElonMusk #DOGEtweets #Robinhood #btc #Tesla #Bitcoin https://t.co/DmBzpSarw0
225,1365783789050490889,2021-02-27 22:00:05,1323280062,One Bitcoin now worth $46859.331. Market Cap $873.483 Billion. Based on #coindesk BPI #bitcoin
226,1365781948153520129,2021-02-27 21:52:46,39188279,"RT @AltcoinDailyio: EMERGENCY: YOUTUBE HAS JUST DELETED @COINDESK'S ENTIRE CHANNEL!! üö®

THEY CLAIM #BITCOIN IS AN ""ILLEGAL ACTIVITY""?!

AS‚Ä¶"
227,1365774160081879053,2021-02-27 21:21:49,17781898,"#YouTube Suspends #CoinDesk‚Äôs Channel (UPDATED) https://t.co/TQijfew7FB via @coindesk 

#Bitcoin #ETH #Litecoin #altcoins #cryptocurrency #cryptoart #ADA #BTC #dogecoin #ENHYPEN #GME #gamestop #observant"
228,1365767303267299333,2021-02-27 20:54:34,314992909,"RT @MarkCrypto23: Komodo's AtomicDEX seeks to connect #Ethereum to #Bitcoin and other UTXO networks.

#coindesk #crypto #BTC #ETH 
#CTBot A‚Ä¶"
229,1365763252081205248,2021-02-27 20:38:28,1177684632591982592,"RT @MarkCrypto23: Komodo's AtomicDEX seeks to connect #Ethereum to #Bitcoin and other UTXO networks.

#coindesk #crypto #BTC #ETH 
#CTBot A‚Ä¶"
230,1365760584592015364,2021-02-27 20:27:52,168553044,"RT @SiaTechHQ: #CoinDesk was de-platformed for ""Content that encourages illegal activities or incites users to violate YouTube's guidelines‚Ä¶"
231,1365753589759696901,2021-02-27 20:00:04,1323280062,One Bitcoin now worth $47473.324. Market Cap $884.926 Billion. Based on #coindesk BPI #bitcoin
232,1365749654831398912,2021-02-27 19:44:26,439058059,"RT @SiaTechHQ: #CoinDesk was de-platformed for ""Content that encourages illegal activities or incites users to violate YouTube's guidelines‚Ä¶"
233,1365748927656431619,2021-02-27 19:41:33,1356505122843488256,"RT @SiaTechHQ: #CoinDesk was de-platformed for ""Content that encourages illegal activities or incites users to violate YouTube's guidelines‚Ä¶"
234,1365747799623688201,2021-02-27 19:37:04,1270796168646328320,"@FEGtoken üöÄ to Mars!
#BSC @PancakeSwap ü•û 
#ETH @Uniswap ü¶Ñ
üí• Deflationary 
üí• 2% tax every transaction 
üí• 1% Distributed to holders ü™ô
üí• 1% Burned üî•
üí• Fegtrack + FegEx imminent ü§©
#CoinMarketCap #elonmusk #CoinDesk #altcoins #DeFi #Memes #Binance #blockchain #crypto #BTC"
235,1365745902846173185,2021-02-27 19:29:32,1270796168646328320,"@FEGtoken ""We will release FEGtrack mobile APP for android APK downloadable via our website within the next 24 hours!!"" 
#binance #CoinMarketCap #elonmusk #TheCryptoZombie #MartiniGuyYT #CoinDesk #WSBChairman #MMCrypto #bsc #crypto #DeFi #ETH #altcoin #Uniswap #PancakeSwap https://t.co/SwfGjNzLwI"
236,1365745693684609033,2021-02-27 19:28:42,467735599,"Cancel culture at its finest 
#bitcoinnews #YouTube #coindesk https://t.co/DVs6AjHvdQ"
237,1365744971836510212,2021-02-27 19:25:50,896406653653962752,"RT @SiaTechHQ: #CoinDesk was de-platformed for ""Content that encourages illegal activities or incites users to violate YouTube's guidelines‚Ä¶"
238,1365744342938365953,2021-02-27 19:23:20,1018192687,"RT @SiaTechHQ: #CoinDesk was de-platformed for ""Content that encourages illegal activities or incites users to violate YouTube's guidelines‚Ä¶"
239,1365737783860543491,2021-02-27 18:57:16,1007694847,"RT @SiaTechHQ: #CoinDesk was de-platformed for ""Content that encourages illegal activities or incites users to violate YouTube's guidelines‚Ä¶"
240,1365736913576087554,2021-02-27 18:53:49,927933455052263424,"RT @SiaTechHQ: #CoinDesk was de-platformed for ""Content that encourages illegal activities or incites users to violate YouTube's guidelines‚Ä¶"
241,1365733011388522498,2021-02-27 18:38:18,1272452950225551363,"RT @mstrade: ‚ö°Ô∏èThe value of #bitcoin dropped sharply on February 23, decreasing below $ 50,000 per coin. Back on February 21, Bitcoin was t‚Ä¶"
242,1365728525026816011,2021-02-27 18:20:29,900371014722441216,"RT @SiaTechHQ: #CoinDesk was de-platformed for ""Content that encourages illegal activities or incites users to violate YouTube's guidelines‚Ä¶"
243,1365726624218566656,2021-02-27 18:12:55,1341103752716152832,"RT @SiaTechHQ: #CoinDesk was de-platformed for ""Content that encourages illegal activities or incites users to violate YouTube's guidelines‚Ä¶"
244,1365724545819140096,2021-02-27 18:04:40,330464254,RT @BTCticker: One Bitcoin now worth $47104.553. Market Cap $878.048 Billion. Based on #coindesk BPI #bitcoin
245,1365723388698836995,2021-02-27 18:00:04,1323280062,One Bitcoin now worth $47104.553. Market Cap $878.048 Billion. Based on #coindesk BPI #bitcoin
246,1365721634796150788,2021-02-27 17:53:06,792124661098242048,"RT @SiaTechHQ: #CoinDesk was de-platformed for ""Content that encourages illegal activities or incites users to violate YouTube's guidelines‚Ä¶"
247,1365719233435488266,2021-02-27 17:43:33,1135522362,"RT @AltcoinDailyio: EMERGENCY: YOUTUBE HAS JUST DELETED @COINDESK'S ENTIRE CHANNEL!! üö®

THEY CLAIM #BITCOIN IS AN ""ILLEGAL ACTIVITY""?!

AS‚Ä¶"
248,1365715268299759617,2021-02-27 17:27:48,1340945898021384192,"RT @SiaTechHQ: #CoinDesk was de-platformed for ""Content that encourages illegal activities or incites users to violate YouTube's guidelines‚Ä¶"
249,1365710420561035267,2021-02-27 17:08:32,1354854481758924800,"@AltcoinDailyio @CoinDesk @YouTubeCreators Your Youtube #CoinDesk Channel is still working here. ü§™

https://t.co/GiiTdf8zOl"
250,1365710084479852545,2021-02-27 17:07:12,1280881940351107074,"RT @SiaTechHQ: #CoinDesk was de-platformed for ""Content that encourages illegal activities or incites users to violate YouTube's guidelines‚Ä¶"
251,1365708571971710978,2021-02-27 17:01:11,1233107598729023488,"RT @SiaTechHQ: #CoinDesk was de-platformed for ""Content that encourages illegal activities or incites users to violate YouTube's guidelines‚Ä¶"
252,1365708423376101377,2021-02-27 17:00:36,1108045449049587712,"RT @SiaTechHQ: #CoinDesk was de-platformed for ""Content that encourages illegal activities or incites users to violate YouTube's guidelines‚Ä¶"
253,1365708272397934592,2021-02-27 17:00:00,3351041295,"#CoinDesk was de-platformed for ""Content that encourages illegal activities or incites users to violate YouTube's guidelines is not allowed""

This sets a dangerous precedent for journalists, influencers, ANYONE discussing crypto.

@coindesk Let us know how we can help. https://t.co/BLXUaiC0DR"
254,1365697638914547714,2021-02-27 16:17:45,789374520813580288,"RT @AltcoinDailyio: EMERGENCY: YOUTUBE HAS JUST DELETED @COINDESK'S ENTIRE CHANNEL!! üö®

THEY CLAIM #BITCOIN IS AN ""ILLEGAL ACTIVITY""?!

AS‚Ä¶"
255,1365697330209505283,2021-02-27 16:16:31,748119792465371140,"RT @MarkCrypto23: Earlier on the call for fourth quarter earnings on Tuesday the payment firm announced it had bought an additional 3,318 #‚Ä¶"
256,1365697264036044802,2021-02-27 16:16:15,748119792465371140,"RT @MarkCrypto23: Nvidia said #Ethereum mining activity contributed slightly to Q4 2020 revenue.

#coindesk #Nvidia #crypto #ETH
#CTBot Adr‚Ä¶"
257,1365697142854201347,2021-02-27 16:15:46,748119792465371140,"RT @MarkCrypto23: The #cryptocurrency rose to $1.30, beating the former all-time high set in January 2018.

#coindesk #crypto #ADA #ATH 
#C‚Ä¶"
258,1365697133672869888,2021-02-27 16:15:44,748119792465371140,"RT @MarkCrypto23: Komodo's AtomicDEX seeks to connect #Ethereum to #Bitcoin and other UTXO networks.

#coindesk #crypto #BTC #ETH 
#CTBot A‚Ä¶"
259,1365697050646614017,2021-02-27 16:15:24,748119792465371140,"RT @MarkCrypto23: Bitcoin traded within a narrow range on Thursday, as investors and traders were cautiously optimistic after the latest pu‚Ä¶"
260,1365693190431535105,2021-02-27 16:00:04,1323280062,One Bitcoin now worth $46682.325. Market Cap $870.173 Billion. Based on #coindesk BPI #bitcoin
261,1365681341883416582,2021-02-27 15:12:59,1265983294732152833,"RT @AltcoinDailyio: EMERGENCY: YOUTUBE HAS JUST DELETED @COINDESK'S ENTIRE CHANNEL!! üö®

THEY CLAIM #BITCOIN IS AN ""ILLEGAL ACTIVITY""?!

AS‚Ä¶"
262,1365662990125723655,2021-02-27 14:00:04,1323280062,One Bitcoin now worth $47511.656. Market Cap $885.629 Billion. Based on #coindesk BPI #bitcoin
263,1365653211487461377,2021-02-27 13:21:12,402501499,"RT @AltcoinDailyio: EMERGENCY: YOUTUBE HAS JUST DELETED @COINDESK'S ENTIRE CHANNEL!! üö®

THEY CLAIM #BITCOIN IS AN ""ILLEGAL ACTIVITY""?!

AS‚Ä¶"
264,1365649378627772416,2021-02-27 13:05:59,3310827382,"RT @AltcoinDailyio: EMERGENCY: YOUTUBE HAS JUST DELETED @COINDESK'S ENTIRE CHANNEL!! üö®

THEY CLAIM #BITCOIN IS AN ""ILLEGAL ACTIVITY""?!

AS‚Ä¶"
265,1365632797671632899,2021-02-27 12:00:05,1323280062,One Bitcoin now worth $47339.812. Market Cap $882.422 Billion. Based on #coindesk BPI #bitcoin
266,1365631852111945731,2021-02-27 11:56:20,77467828,"RT @MarkCrypto23: The #cryptocurrency rose to $1.30, beating the former all-time high set in January 2018.

#coindesk #crypto #ADA #ATH 
#C‚Ä¶"
267,1365624789960957957,2021-02-27 11:28:16,393699836,"RT @AltcoinDailyio: EMERGENCY: YOUTUBE HAS JUST DELETED @COINDESK'S ENTIRE CHANNEL!! üö®

THEY CLAIM #BITCOIN IS AN ""ILLEGAL ACTIVITY""?!

AS‚Ä¶"
268,1365613444574171139,2021-02-27 10:43:11,77467828,"RT @MarkCrypto23: Komodo's AtomicDEX seeks to connect #Ethereum to #Bitcoin and other UTXO networks.

#coindesk #crypto #BTC #ETH 
#CTBot A‚Ä¶"
269,1365610120953012226,2021-02-27 10:29:59,944564444788490240,"RT @MarkCrypto23: The #cryptocurrency rose to $1.30, beating the former all-time high set in January 2018.

#coindesk #crypto #ADA #ATH 
#C‚Ä¶"
270,1365602590432575493,2021-02-27 10:00:03,1323280062,One Bitcoin now worth $46704.046. Market Cap $870.568 Billion. Based on #coindesk BPI #bitcoin
271,1365579714992087040,2021-02-27 08:29:09,1049304456179798021,"RT @MarkCrypto23: The #cryptocurrency rose to $1.30, beating the former all-time high set in January 2018.

#coindesk #crypto #ADA #ATH 
#C‚Ä¶"
272,1365579587598512130,2021-02-27 08:28:39,1049304456179798021,"RT @MarkCrypto23: Komodo's AtomicDEX seeks to connect #Ethereum to #Bitcoin and other UTXO networks.

#coindesk #crypto #BTC #ETH 
#CTBot A‚Ä¶"
273,1365574775548964864,2021-02-27 08:09:32,1029197743678353410,"RT @MarkCrypto23: Bitcoin traded within a narrow range on Thursday, as investors and traders were cautiously optimistic after the latest pu‚Ä¶"
274,1365572394895761410,2021-02-27 08:00:04,1323280062,One Bitcoin now worth $47212.674. Market Cap $880.042 Billion. Based on #coindesk BPI #bitcoin
275,1365571101087137792,2021-02-27 07:54:56,1205544081180508160,"RT @MarkCrypto23: Komodo's AtomicDEX seeks to connect #Ethereum to #Bitcoin and other UTXO networks.

#coindesk #crypto #BTC #ETH 
#CTBot A‚Ä¶"
276,1365567897960140802,2021-02-27 07:42:12,1299580331482284032,"@SiaTechHQ @Siagear Well, in all seriousness don't just tweet about it, go knock down #CoinDesk front door and show them you have an answer to this issue!!

#Siacoin only needs one big fish and the herd will follow. 

At the moment it seems #SC is ran by genius college kids with Zero business skills"
277,1365567387416756225,2021-02-27 07:40:10,1223705813807583233,"RT @afshineemrani: @HukAleksandra @RaoulGMI Meanwhile...
YOUTUBE HAS JUST DELETED 
@COINDESK
ENTIRE CHANNEL!! 

THEY CLAIM #BITCOIN IS AN ""‚Ä¶"
278,1365564964883193860,2021-02-27 07:30:33,503156532,"RT @MarkCrypto23: The #cryptocurrency rose to $1.30, beating the former all-time high set in January 2018.

#coindesk #crypto #ADA #ATH 
#C‚Ä¶"
279,1365556672186306560,2021-02-27 06:57:36,1365284766635810818,"RT @MarkCrypto23: Komodo's AtomicDEX seeks to connect #Ethereum to #Bitcoin and other UTXO networks.

#coindesk #crypto #BTC #ETH 
#CTBot A‚Ä¶"
280,1365556540950732805,2021-02-27 06:57:04,1365284766635810818,"RT @MarkCrypto23: The #cryptocurrency rose to $1.30, beating the former all-time high set in January 2018.

#coindesk #crypto #ADA #ATH 
#C‚Ä¶"
281,1365544685377363969,2021-02-27 06:09:58,1101339401995603968,"RT @MarkCrypto23: Komodo's AtomicDEX seeks to connect #Ethereum to #Bitcoin and other UTXO networks.

#coindesk #crypto #BTC #ETH 
#CTBot A‚Ä¶"
282,1365543650130853888,2021-02-27 06:05:51,1365536444576579587,"Where did #coindesk channel go youtube?
#Advantages of #decentralized #organizations include increased expertise at each division, quicker decisions, better use of time at top management levels, and increased #Motivation of division managers.
#altcoin #btc #education Get it yet?"
283,1365542193646227456,2021-02-27 06:00:04,1323280062,One Bitcoin now worth $47799.550. Market Cap $890.978 Billion. Based on #coindesk BPI #bitcoin
284,1365539298603372545,2021-02-27 05:48:33,3879217942,"RT @AltcoinDailyio: EMERGENCY: YOUTUBE HAS JUST DELETED @COINDESK'S ENTIRE CHANNEL!! üö®

THEY CLAIM #BITCOIN IS AN ""ILLEGAL ACTIVITY""?!

AS‚Ä¶"
285,1365527193363775489,2021-02-27 05:00:27,1690671858,"RT @AltcoinDailyio: EMERGENCY: YOUTUBE HAS JUST DELETED @COINDESK'S ENTIRE CHANNEL!! üö®

THEY CLAIM #BITCOIN IS AN ""ILLEGAL ACTIVITY""?!

AS‚Ä¶"
286,1365525728335380480,2021-02-27 04:54:38,755503514,"RT @AltcoinDailyio: EMERGENCY: YOUTUBE HAS JUST DELETED @COINDESK'S ENTIRE CHANNEL!! üö®

THEY CLAIM #BITCOIN IS AN ""ILLEGAL ACTIVITY""?!

AS‚Ä¶"
287,1365518854697402368,2021-02-27 04:27:19,1294064473968455680,"RT @AltcoinDailyio: EMERGENCY: YOUTUBE HAS JUST DELETED @COINDESK'S ENTIRE CHANNEL!! üö®

THEY CLAIM #BITCOIN IS AN ""ILLEGAL ACTIVITY""?!

AS‚Ä¶"
288,1365516120783015938,2021-02-27 04:16:27,212875354,"RT @AltcoinDailyio: EMERGENCY: YOUTUBE HAS JUST DELETED @COINDESK'S ENTIRE CHANNEL!! üö®

THEY CLAIM #BITCOIN IS AN ""ILLEGAL ACTIVITY""?!

AS‚Ä¶"
289,1365511995647262724,2021-02-27 04:00:04,1323280062,One Bitcoin now worth $47540.675. Market Cap $886.149 Billion. Based on #coindesk BPI #bitcoin
290,1365507485465866242,2021-02-27 03:42:09,1278213856754413570,"RT @AltcoinDailyio: EMERGENCY: YOUTUBE HAS JUST DELETED @COINDESK'S ENTIRE CHANNEL!! üö®

THEY CLAIM #BITCOIN IS AN ""ILLEGAL ACTIVITY""?!

AS‚Ä¶"
291,1365506361342136321,2021-02-27 03:37:41,1255727901422399488,"RT @AltcoinDailyio: EMERGENCY: YOUTUBE HAS JUST DELETED @COINDESK'S ENTIRE CHANNEL!! üö®

THEY CLAIM #BITCOIN IS AN ""ILLEGAL ACTIVITY""?!

AS‚Ä¶"
292,1365505237314805761,2021-02-27 03:33:13,750729043,"RT @AltcoinDailyio: EMERGENCY: YOUTUBE HAS JUST DELETED @COINDESK'S ENTIRE CHANNEL!! üö®

THEY CLAIM #BITCOIN IS AN ""ILLEGAL ACTIVITY""?!

AS‚Ä¶"
293,1365504111286755328,2021-02-27 03:28:44,631163831,"RT @MarkCrypto23: Komodo's AtomicDEX seeks to connect #Ethereum to #Bitcoin and other UTXO networks.

#coindesk #crypto #BTC #ETH 
#CTBot A‚Ä¶"
294,1365503286372036613,2021-02-27 03:25:27,1049618163720052738,"RT @AltcoinDailyio: EMERGENCY: YOUTUBE HAS JUST DELETED @COINDESK'S ENTIRE CHANNEL!! üö®

THEY CLAIM #BITCOIN IS AN ""ILLEGAL ACTIVITY""?!

AS‚Ä¶"
295,1365501229632286721,2021-02-27 03:17:17,1060261315770490880,"RT @AltcoinDailyio: EMERGENCY: YOUTUBE HAS JUST DELETED @COINDESK'S ENTIRE CHANNEL!! üö®

THEY CLAIM #BITCOIN IS AN ""ILLEGAL ACTIVITY""?!

AS‚Ä¶"
296,1365496550286270467,2021-02-27 02:58:41,1269398129134022656,"RT @AltcoinDailyio: EMERGENCY: YOUTUBE HAS JUST DELETED @COINDESK'S ENTIRE CHANNEL!! üö®

THEY CLAIM #BITCOIN IS AN ""ILLEGAL ACTIVITY""?!

AS‚Ä¶"
297,1365481799074410496,2021-02-27 02:00:04,1323280062,One Bitcoin now worth $47801.350. Market Cap $891.003 Billion. Based on #coindesk BPI #bitcoin
298,1365480482708754432,2021-02-27 01:54:51,1356832771197472768,"RT @AltcoinDailyio: EMERGENCY: YOUTUBE HAS JUST DELETED @COINDESK'S ENTIRE CHANNEL!! üö®

THEY CLAIM #BITCOIN IS AN ""ILLEGAL ACTIVITY""?!

AS‚Ä¶"
299,1365472482417926144,2021-02-27 01:23:03,1355989609226919936,"RT @AltcoinDailyio: EMERGENCY: YOUTUBE HAS JUST DELETED @COINDESK'S ENTIRE CHANNEL!! üö®

THEY CLAIM #BITCOIN IS AN ""ILLEGAL ACTIVITY""?!

AS‚Ä¶"
300,1365468051450322947,2021-02-27 01:05:27,871838633636093953,"RT @AltcoinDailyio: EMERGENCY: YOUTUBE HAS JUST DELETED @COINDESK'S ENTIRE CHANNEL!! üö®

THEY CLAIM #BITCOIN IS AN ""ILLEGAL ACTIVITY""?!

AS‚Ä¶"
301,1365467020544925697,2021-02-27 01:01:21,1128196235620507648,"RT @MarkCrypto23: Komodo's AtomicDEX seeks to connect #Ethereum to #Bitcoin and other UTXO networks.

#coindesk #crypto #BTC #ETH 
#CTBot A‚Ä¶"
302,1365466277855264770,2021-02-27 00:58:24,1342853033944870913,"RT @AltcoinDailyio: EMERGENCY: YOUTUBE HAS JUST DELETED @COINDESK'S ENTIRE CHANNEL!! üö®

THEY CLAIM #BITCOIN IS AN ""ILLEGAL ACTIVITY""?!

AS‚Ä¶"
303,1365461396989730818,2021-02-27 00:39:00,1288533091,"RT @AltcoinDailyio: EMERGENCY: YOUTUBE HAS JUST DELETED @COINDESK'S ENTIRE CHANNEL!! üö®

THEY CLAIM #BITCOIN IS AN ""ILLEGAL ACTIVITY""?!

AS‚Ä¶"
304,1365461323023339520,2021-02-27 00:38:43,32708079,"RT @AltcoinDailyio: EMERGENCY: YOUTUBE HAS JUST DELETED @COINDESK'S ENTIRE CHANNEL!! üö®

THEY CLAIM #BITCOIN IS AN ""ILLEGAL ACTIVITY""?!

AS‚Ä¶"
305,1365458487497658369,2021-02-27 00:27:27,2908261096,"RT @AltcoinDailyio: EMERGENCY: YOUTUBE HAS JUST DELETED @COINDESK'S ENTIRE CHANNEL!! üö®

THEY CLAIM #BITCOIN IS AN ""ILLEGAL ACTIVITY""?!

AS‚Ä¶"
306,1365456805959098376,2021-02-27 00:20:46,1266070756913410048,"RT @MarkCrypto23: Bitcoin traded within a narrow range on Thursday, as investors and traders were cautiously optimistic after the latest pu‚Ä¶"
307,1365452383522754561,2021-02-27 00:03:11,158946608,"RT @AltcoinDailyio: EMERGENCY: YOUTUBE HAS JUST DELETED @COINDESK'S ENTIRE CHANNEL!! üö®

THEY CLAIM #BITCOIN IS AN ""ILLEGAL ACTIVITY""?!

AS‚Ä¶"
308,1365452049714982912,2021-02-27 00:01:52,807990377064042496,"RT @AltcoinDailyio: EMERGENCY: YOUTUBE HAS JUST DELETED @COINDESK'S ENTIRE CHANNEL!! üö®

THEY CLAIM #BITCOIN IS AN ""ILLEGAL ACTIVITY""?!

AS‚Ä¶"
309,1365451600702095361,2021-02-27 00:00:05,1323280062,One Bitcoin now worth $46354.497. Market Cap $864.030 Billion. Based on #coindesk BPI #bitcoin
310,1365451573183139840,2021-02-26 23:59:58,18020605,"RT @MarkCrypto23: Komodo's AtomicDEX seeks to connect #Ethereum to #Bitcoin and other UTXO networks.

#coindesk #crypto #BTC #ETH 
#CTBot A‚Ä¶"
311,1365450670292103168,2021-02-26 23:56:23,1018460856642760706,"RT @MarkCrypto23: Komodo's AtomicDEX seeks to connect #Ethereum to #Bitcoin and other UTXO networks.

#coindesk #crypto #BTC #ETH 
#CTBot A‚Ä¶"
312,1365450480533577732,2021-02-26 23:55:38,125359162,"RT @AltcoinDailyio: EMERGENCY: YOUTUBE HAS JUST DELETED @COINDESK'S ENTIRE CHANNEL!! üö®

THEY CLAIM #BITCOIN IS AN ""ILLEGAL ACTIVITY""?!

AS‚Ä¶"
313,1365447836591030273,2021-02-26 23:45:07,701713173036998656,"RT @MarkCrypto23: Komodo's AtomicDEX seeks to connect #Ethereum to #Bitcoin and other UTXO networks.

#coindesk #crypto #BTC #ETH 
#CTBot A‚Ä¶"
314,1365447255302541313,2021-02-26 23:42:49,566226312,"RT @AltcoinDailyio: EMERGENCY: YOUTUBE HAS JUST DELETED @COINDESK'S ENTIRE CHANNEL!! üö®

THEY CLAIM #BITCOIN IS AN ""ILLEGAL ACTIVITY""?!

AS‚Ä¶"
315,1365447075006210051,2021-02-26 23:42:06,251604415,"RT @AltcoinDailyio: EMERGENCY: YOUTUBE HAS JUST DELETED @COINDESK'S ENTIRE CHANNEL!! üö®

THEY CLAIM #BITCOIN IS AN ""ILLEGAL ACTIVITY""?!

AS‚Ä¶"
316,1365446774077464579,2021-02-26 23:40:54,1163852406096089096,"RT @AltcoinDailyio: EMERGENCY: YOUTUBE HAS JUST DELETED @COINDESK'S ENTIRE CHANNEL!! üö®

THEY CLAIM #BITCOIN IS AN ""ILLEGAL ACTIVITY""?!

AS‚Ä¶"
317,1365446631739555843,2021-02-26 23:40:20,374645706,"RT @MarkCrypto23: Komodo's AtomicDEX seeks to connect #Ethereum to #Bitcoin and other UTXO networks.

#coindesk #crypto #BTC #ETH 
#CTBot A‚Ä¶"
318,1365446410318077952,2021-02-26 23:39:27,1195881902,"Komodo's AtomicDEX seeks to connect #Ethereum to #Bitcoin and other UTXO networks.

#coindesk #crypto #BTC #ETH 
#CTBot Adrop Ram 50 BTT 61
https://t.co/MslYYC4wwK"
319,1365441688626466817,2021-02-26 23:20:41,1061768632429096966,"RT @MarkCrypto23: The #cryptocurrency rose to $1.30, beating the former all-time high set in January 2018.

#coindesk #crypto #ADA #ATH 
#C‚Ä¶"
320,1365441322232934401,2021-02-26 23:19:14,1196236491514494976,"RT @MarkCrypto23: The #cryptocurrency rose to $1.30, beating the former all-time high set in January 2018.

#coindesk #crypto #ADA #ATH 
#C‚Ä¶"
321,1365440957760569347,2021-02-26 23:17:47,1271570467632099328,"RT @AltcoinDailyio: EMERGENCY: YOUTUBE HAS JUST DELETED @COINDESK'S ENTIRE CHANNEL!! üö®

THEY CLAIM #BITCOIN IS AN ""ILLEGAL ACTIVITY""?!

AS‚Ä¶"
322,1365440527420821511,2021-02-26 23:16:05,618705464,"RT @AltcoinDailyio: EMERGENCY: YOUTUBE HAS JUST DELETED @COINDESK'S ENTIRE CHANNEL!! üö®

THEY CLAIM #BITCOIN IS AN ""ILLEGAL ACTIVITY""?!

AS‚Ä¶"
323,1365439804029227008,2021-02-26 23:13:12,147114462,"RT @AltcoinDailyio: EMERGENCY: YOUTUBE HAS JUST DELETED @COINDESK'S ENTIRE CHANNEL!! üö®

THEY CLAIM #BITCOIN IS AN ""ILLEGAL ACTIVITY""?!

AS‚Ä¶"
324,1365437152155336704,2021-02-26 23:02:40,1229757982495444993,"RT @AltcoinDailyio: EMERGENCY: YOUTUBE HAS JUST DELETED @COINDESK'S ENTIRE CHANNEL!! üö®

THEY CLAIM #BITCOIN IS AN ""ILLEGAL ACTIVITY""?!

AS‚Ä¶"
325,1365436710826479618,2021-02-26 23:00:55,718420328,"RT @AltcoinDailyio: EMERGENCY: YOUTUBE HAS JUST DELETED @COINDESK'S ENTIRE CHANNEL!! üö®

THEY CLAIM #BITCOIN IS AN ""ILLEGAL ACTIVITY""?!

AS‚Ä¶"
326,1365436545700798464,2021-02-26 23:00:15,1482734900,"RT @AltcoinDailyio: EMERGENCY: YOUTUBE HAS JUST DELETED @COINDESK'S ENTIRE CHANNEL!! üö®

THEY CLAIM #BITCOIN IS AN ""ILLEGAL ACTIVITY""?!

AS‚Ä¶"
327,1365434813247860739,2021-02-26 22:53:22,1166652323780861952,"RT @AltcoinDailyio: EMERGENCY: YOUTUBE HAS JUST DELETED @COINDESK'S ENTIRE CHANNEL!! üö®

THEY CLAIM #BITCOIN IS AN ""ILLEGAL ACTIVITY""?!

AS‚Ä¶"
328,1365433778340958208,2021-02-26 22:49:15,76328530,"RT @AltcoinDailyio: EMERGENCY: YOUTUBE HAS JUST DELETED @COINDESK'S ENTIRE CHANNEL!! üö®

THEY CLAIM #BITCOIN IS AN ""ILLEGAL ACTIVITY""?!

AS‚Ä¶"
329,1365431911242326024,2021-02-26 22:41:50,1360057062110031877,@AltcoinDailyio @CoinDesk @YouTubeCreators Oh dear #Coindesk got REKT by YouTube? Almost seems as if we need a decentralized media platform!??? Why act surprised about this? It's daily occurrence
330,1365431428851335173,2021-02-26 22:39:55,17500471,"RT @AltcoinDailyio: EMERGENCY: YOUTUBE HAS JUST DELETED @COINDESK'S ENTIRE CHANNEL!! üö®

THEY CLAIM #BITCOIN IS AN ""ILLEGAL ACTIVITY""?!

AS‚Ä¶"
331,1365430800901165062,2021-02-26 22:37:26,156391513,"RT @AltcoinDailyio: EMERGENCY: YOUTUBE HAS JUST DELETED @COINDESK'S ENTIRE CHANNEL!! üö®

THEY CLAIM #BITCOIN IS AN ""ILLEGAL ACTIVITY""?!

AS‚Ä¶"
332,1365430262696341506,2021-02-26 22:35:17,1018460856642760706,"RT @MarkCrypto23: The #cryptocurrency rose to $1.30, beating the former all-time high set in January 2018.

#coindesk #crypto #ADA #ATH 
#C‚Ä¶"
333,1365430035646197762,2021-02-26 22:34:23,1271027240092999683,"RT @AltcoinDailyio: EMERGENCY: YOUTUBE HAS JUST DELETED @COINDESK'S ENTIRE CHANNEL!! üö®

THEY CLAIM #BITCOIN IS AN ""ILLEGAL ACTIVITY""?!

AS‚Ä¶"
334,1365429344865312772,2021-02-26 22:31:38,386203722,"RT @AltcoinDailyio: EMERGENCY: YOUTUBE HAS JUST DELETED @COINDESK'S ENTIRE CHANNEL!! üö®

THEY CLAIM #BITCOIN IS AN ""ILLEGAL ACTIVITY""?!

AS‚Ä¶"
335,1365428523301826566,2021-02-26 22:28:23,951850453221986304,"RT @AltcoinDailyio: EMERGENCY: YOUTUBE HAS JUST DELETED @COINDESK'S ENTIRE CHANNEL!! üö®

THEY CLAIM #BITCOIN IS AN ""ILLEGAL ACTIVITY""?!

AS‚Ä¶"
336,1365427950531665925,2021-02-26 22:26:06,1319078111477075968,"RT @AltcoinDailyio: EMERGENCY: YOUTUBE HAS JUST DELETED @COINDESK'S ENTIRE CHANNEL!! üö®

THEY CLAIM #BITCOIN IS AN ""ILLEGAL ACTIVITY""?!

AS‚Ä¶"
337,1365426119864840193,2021-02-26 22:18:50,1053800017687830528,"RT @AltcoinDailyio: EMERGENCY: YOUTUBE HAS JUST DELETED @COINDESK'S ENTIRE CHANNEL!! üö®

THEY CLAIM #BITCOIN IS AN ""ILLEGAL ACTIVITY""?!

AS‚Ä¶"
338,1365424596518862849,2021-02-26 22:12:46,1240362738922242049,"RT @AltcoinDailyio: EMERGENCY: YOUTUBE HAS JUST DELETED @COINDESK'S ENTIRE CHANNEL!! üö®

THEY CLAIM #BITCOIN IS AN ""ILLEGAL ACTIVITY""?!

AS‚Ä¶"
339,1365424465228697602,2021-02-26 22:12:15,491492412,"RT @AltcoinDailyio: EMERGENCY: YOUTUBE HAS JUST DELETED @COINDESK'S ENTIRE CHANNEL!! üö®

THEY CLAIM #BITCOIN IS AN ""ILLEGAL ACTIVITY""?!

AS‚Ä¶"
340,1365424420190375942,2021-02-26 22:12:04,1360174763574984707,@YouTube bring @CoinDesk back now. Please and thank you. #CoinDesk
341,1365424306520432640,2021-02-26 22:11:37,1217513714938605568,"RT @AltcoinDailyio: EMERGENCY: YOUTUBE HAS JUST DELETED @COINDESK'S ENTIRE CHANNEL!! üö®

THEY CLAIM #BITCOIN IS AN ""ILLEGAL ACTIVITY""?!

AS‚Ä¶"
342,1365423635117182976,2021-02-26 22:08:57,1250382648272252929,"RT @AltcoinDailyio: EMERGENCY: YOUTUBE HAS JUST DELETED @COINDESK'S ENTIRE CHANNEL!! üö®

THEY CLAIM #BITCOIN IS AN ""ILLEGAL ACTIVITY""?!

AS‚Ä¶"
343,1365422196043177986,2021-02-26 22:03:14,236862155,"RT @AltcoinDailyio: EMERGENCY: YOUTUBE HAS JUST DELETED @COINDESK'S ENTIRE CHANNEL!! üö®

THEY CLAIM #BITCOIN IS AN ""ILLEGAL ACTIVITY""?!

AS‚Ä¶"
344,1365421397007335429,2021-02-26 22:00:04,1323280062,One Bitcoin now worth $45621.495. Market Cap $850.364 Billion. Based on #coindesk BPI #bitcoin
345,1365421274671902722,2021-02-26 21:59:34,1344859676605784064,"RT @AltcoinDailyio: EMERGENCY: YOUTUBE HAS JUST DELETED @COINDESK'S ENTIRE CHANNEL!! üö®

THEY CLAIM #BITCOIN IS AN ""ILLEGAL ACTIVITY""?!

AS‚Ä¶"
346,1365419862043078666,2021-02-26 21:53:58,1106275671758786566,"RT @AltcoinDailyio: EMERGENCY: YOUTUBE HAS JUST DELETED @COINDESK'S ENTIRE CHANNEL!! üö®

THEY CLAIM #BITCOIN IS AN ""ILLEGAL ACTIVITY""?!

AS‚Ä¶"
347,1365418966508789763,2021-02-26 21:50:24,1171775922095177728,"RT @AltcoinDailyio: EMERGENCY: YOUTUBE HAS JUST DELETED @COINDESK'S ENTIRE CHANNEL!! üö®

THEY CLAIM #BITCOIN IS AN ""ILLEGAL ACTIVITY""?!

AS‚Ä¶"
348,1365418702557085699,2021-02-26 21:49:21,2254251788,"RT @AltcoinDailyio: EMERGENCY: YOUTUBE HAS JUST DELETED @COINDESK'S ENTIRE CHANNEL!! üö®

THEY CLAIM #BITCOIN IS AN ""ILLEGAL ACTIVITY""?!

AS‚Ä¶"
349,1365418619857944579,2021-02-26 21:49:01,1148871166750273537,"RT @AltcoinDailyio: EMERGENCY: YOUTUBE HAS JUST DELETED @COINDESK'S ENTIRE CHANNEL!! üö®

THEY CLAIM #BITCOIN IS AN ""ILLEGAL ACTIVITY""?!

AS‚Ä¶"
350,1365416744458743808,2021-02-26 21:41:34,1195686535766478848,"RT @AltcoinDailyio: EMERGENCY: YOUTUBE HAS JUST DELETED @COINDESK'S ENTIRE CHANNEL!! üö®

THEY CLAIM #BITCOIN IS AN ""ILLEGAL ACTIVITY""?!

AS‚Ä¶"
351,1365416141812731906,2021-02-26 21:39:11,1078776786534621184,"RT @MarkCrypto23: The #cryptocurrency rose to $1.30, beating the former all-time high set in January 2018.

#coindesk #crypto #ADA #ATH 
#C‚Ä¶"
352,1365415951559180294,2021-02-26 21:38:25,1357840904179093505,"RT @AltcoinDailyio: EMERGENCY: YOUTUBE HAS JUST DELETED @COINDESK'S ENTIRE CHANNEL!! üö®

THEY CLAIM #BITCOIN IS AN ""ILLEGAL ACTIVITY""?!

AS‚Ä¶"
353,1365414978770133000,2021-02-26 21:34:33,1170804570500603906,"RT @AltcoinDailyio: EMERGENCY: YOUTUBE HAS JUST DELETED @COINDESK'S ENTIRE CHANNEL!! üö®

THEY CLAIM #BITCOIN IS AN ""ILLEGAL ACTIVITY""?!

AS‚Ä¶"
354,1365414192639922176,2021-02-26 21:31:26,255108204,"@TeamYouTube @YouTube @YouTubeCreators 

You creating #censorship around #Crypto. With your deletion of #CoinDesk, you and your #corrupt  corporate hedge-fund friends are creating #marketmanipulation.

#THETA will take over your #centralization of media F.U.!"
355,1365414070434881537,2021-02-26 21:30:57,1296019697079549954,"RT @AltcoinDailyio: EMERGENCY: YOUTUBE HAS JUST DELETED @COINDESK'S ENTIRE CHANNEL!! üö®

THEY CLAIM #BITCOIN IS AN ""ILLEGAL ACTIVITY""?!

AS‚Ä¶"
356,1365413914008297472,2021-02-26 21:30:19,1082870368702889984,"RT @AltcoinDailyio: EMERGENCY: YOUTUBE HAS JUST DELETED @COINDESK'S ENTIRE CHANNEL!! üö®

THEY CLAIM #BITCOIN IS AN ""ILLEGAL ACTIVITY""?!

AS‚Ä¶"
357,1365413324456878086,2021-02-26 21:27:59,1342814868668342272,"RT @AltcoinDailyio: EMERGENCY: YOUTUBE HAS JUST DELETED @COINDESK'S ENTIRE CHANNEL!! üö®

THEY CLAIM #BITCOIN IS AN ""ILLEGAL ACTIVITY""?!

AS‚Ä¶"
358,1365412892837892099,2021-02-26 21:26:16,3157513858,"RT @AltcoinDailyio: EMERGENCY: YOUTUBE HAS JUST DELETED @COINDESK'S ENTIRE CHANNEL!! üö®

THEY CLAIM #BITCOIN IS AN ""ILLEGAL ACTIVITY""?!

AS‚Ä¶"
359,1365411963535171584,2021-02-26 21:22:34,1105832339010027521,@TeamYouTube #COINDESK  Hello???
360,1365411525842800641,2021-02-26 21:20:50,558256502,"RT @AltcoinDailyio: EMERGENCY: YOUTUBE HAS JUST DELETED @COINDESK'S ENTIRE CHANNEL!! üö®

THEY CLAIM #BITCOIN IS AN ""ILLEGAL ACTIVITY""?!

AS‚Ä¶"
361,1365411381596459008,2021-02-26 21:20:16,18020605,"RT @MarkCrypto23: The #cryptocurrency rose to $1.30, beating the former all-time high set in January 2018.

#coindesk #crypto #ADA #ATH 
#C‚Ä¶"
362,1365410780779323398,2021-02-26 21:17:52,30096240,"RT @AltcoinDailyio: EMERGENCY: YOUTUBE HAS JUST DELETED @COINDESK'S ENTIRE CHANNEL!! üö®

THEY CLAIM #BITCOIN IS AN ""ILLEGAL ACTIVITY""?!

AS‚Ä¶"
363,1365409719750303748,2021-02-26 21:13:39,972579650479177729,"RT @AltcoinDailyio: EMERGENCY: YOUTUBE HAS JUST DELETED @COINDESK'S ENTIRE CHANNEL!! üö®

THEY CLAIM #BITCOIN IS AN ""ILLEGAL ACTIVITY""?!

AS‚Ä¶"
364,1365409451373592578,2021-02-26 21:12:35,1611365136,"RT @AltcoinDailyio: EMERGENCY: YOUTUBE HAS JUST DELETED @COINDESK'S ENTIRE CHANNEL!! üö®

THEY CLAIM #BITCOIN IS AN ""ILLEGAL ACTIVITY""?!

AS‚Ä¶"
365,1365409364320739331,2021-02-26 21:12:15,1209907537018945536,"RT @AltcoinDailyio: EMERGENCY: YOUTUBE HAS JUST DELETED @COINDESK'S ENTIRE CHANNEL!! üö®

THEY CLAIM #BITCOIN IS AN ""ILLEGAL ACTIVITY""?!

AS‚Ä¶"
366,1365409233932607493,2021-02-26 21:11:44,922559280984838144,"RT @AltcoinDailyio: EMERGENCY: YOUTUBE HAS JUST DELETED @COINDESK'S ENTIRE CHANNEL!! üö®

THEY CLAIM #BITCOIN IS AN ""ILLEGAL ACTIVITY""?!

AS‚Ä¶"
367,1365408605508415495,2021-02-26 21:09:14,1240820593206984711,"RT @AltcoinDailyio: EMERGENCY: YOUTUBE HAS JUST DELETED @COINDESK'S ENTIRE CHANNEL!! üö®

THEY CLAIM #BITCOIN IS AN ""ILLEGAL ACTIVITY""?!

AS‚Ä¶"
368,1365408092561711107,2021-02-26 21:07:11,1188382625452314624,"RT @AltcoinDailyio: EMERGENCY: YOUTUBE HAS JUST DELETED @COINDESK'S ENTIRE CHANNEL!! üö®

THEY CLAIM #BITCOIN IS AN ""ILLEGAL ACTIVITY""?!

AS‚Ä¶"
369,1365406931305656320,2021-02-26 21:02:35,3911208013,"RT @AltcoinDailyio: EMERGENCY: YOUTUBE HAS JUST DELETED @COINDESK'S ENTIRE CHANNEL!! üö®

THEY CLAIM #BITCOIN IS AN ""ILLEGAL ACTIVITY""?!

AS‚Ä¶"
370,1365406231402188800,2021-02-26 20:59:48,1195881902,"The #cryptocurrency rose to $1.30, beating the former all-time high set in January 2018.

#coindesk #crypto #ADA #ATH 
#CTBot Adrop Ram 50 BTT 54
https://t.co/uXB4qsJp4e"
371,1365406211265466372,2021-02-26 20:59:43,935303502678540288,"RT @AltcoinDailyio: EMERGENCY: YOUTUBE HAS JUST DELETED @COINDESK'S ENTIRE CHANNEL!! üö®

THEY CLAIM #BITCOIN IS AN ""ILLEGAL ACTIVITY""?!

AS‚Ä¶"
372,1365406069858594816,2021-02-26 20:59:09,962207397304414209,"RT @AltcoinDailyio: EMERGENCY: YOUTUBE HAS JUST DELETED @COINDESK'S ENTIRE CHANNEL!! üö®

THEY CLAIM #BITCOIN IS AN ""ILLEGAL ACTIVITY""?!

AS‚Ä¶"
373,1365405715515514893,2021-02-26 20:57:45,788120384927182848,"RT @AltcoinDailyio: EMERGENCY: YOUTUBE HAS JUST DELETED @COINDESK'S ENTIRE CHANNEL!! üö®

THEY CLAIM #BITCOIN IS AN ""ILLEGAL ACTIVITY""?!

AS‚Ä¶"
374,1365405545549746182,2021-02-26 20:57:04,3996679762,"RT @AltcoinDailyio: EMERGENCY: YOUTUBE HAS JUST DELETED @COINDESK'S ENTIRE CHANNEL!! üö®

THEY CLAIM #BITCOIN IS AN ""ILLEGAL ACTIVITY""?!

AS‚Ä¶"
375,1365405274723545093,2021-02-26 20:56:00,102998223,"RT @AltcoinDailyio: EMERGENCY: YOUTUBE HAS JUST DELETED @COINDESK'S ENTIRE CHANNEL!! üö®

THEY CLAIM #BITCOIN IS AN ""ILLEGAL ACTIVITY""?!

AS‚Ä¶"
376,1365405049556451330,2021-02-26 20:55:06,1303288346966458368,"RT @AltcoinDailyio: EMERGENCY: YOUTUBE HAS JUST DELETED @COINDESK'S ENTIRE CHANNEL!! üö®

THEY CLAIM #BITCOIN IS AN ""ILLEGAL ACTIVITY""?!

AS‚Ä¶"
377,1365404978240573442,2021-02-26 20:54:49,776656159,"RT @AltcoinDailyio: EMERGENCY: YOUTUBE HAS JUST DELETED @COINDESK'S ENTIRE CHANNEL!! üö®

THEY CLAIM #BITCOIN IS AN ""ILLEGAL ACTIVITY""?!

AS‚Ä¶"
378,1365404466090971137,2021-02-26 20:52:47,1049104004,"RT @AltcoinDailyio: EMERGENCY: YOUTUBE HAS JUST DELETED @COINDESK'S ENTIRE CHANNEL!! üö®

THEY CLAIM #BITCOIN IS AN ""ILLEGAL ACTIVITY""?!

AS‚Ä¶"
379,1365404453520596992,2021-02-26 20:52:44,1254456593405456385,"RT @AltcoinDailyio: EMERGENCY: YOUTUBE HAS JUST DELETED @COINDESK'S ENTIRE CHANNEL!! üö®

THEY CLAIM #BITCOIN IS AN ""ILLEGAL ACTIVITY""?!

AS‚Ä¶"
380,1365404436282097664,2021-02-26 20:52:40,1344240609910022145,"RT @AltcoinDailyio: EMERGENCY: YOUTUBE HAS JUST DELETED @COINDESK'S ENTIRE CHANNEL!! üö®

THEY CLAIM #BITCOIN IS AN ""ILLEGAL ACTIVITY""?!

AS‚Ä¶"
381,1365404339293020171,2021-02-26 20:52:17,2230417421,"RT @AltcoinDailyio: EMERGENCY: YOUTUBE HAS JUST DELETED @COINDESK'S ENTIRE CHANNEL!! üö®

THEY CLAIM #BITCOIN IS AN ""ILLEGAL ACTIVITY""?!

AS‚Ä¶"
382,1365403576902840329,2021-02-26 20:49:15,1349746641998401541,"RT @AltcoinDailyio: EMERGENCY: YOUTUBE HAS JUST DELETED @COINDESK'S ENTIRE CHANNEL!! üö®

THEY CLAIM #BITCOIN IS AN ""ILLEGAL ACTIVITY""?!

AS‚Ä¶"
383,1365403522900975617,2021-02-26 20:49:02,73937639,"@HukAleksandra @RaoulGMI Meanwhile...
YOUTUBE HAS JUST DELETED 
@COINDESK
ENTIRE CHANNEL!! 

THEY CLAIM #BITCOIN IS AN ""ILLEGAL ACTIVITY""?!

AS ONE OF THE MOST TRUSTED MEDIA SOURCES TODAY, #COINDESK SHOULD BE REINSTATED IMMEDIATELY! 

@YOUTUBECREATORS
 PLEASE REVIEW THIS ASAP!"
384,1365403284790534149,2021-02-26 20:48:05,744161906563264515,"RT @AltcoinDailyio: EMERGENCY: YOUTUBE HAS JUST DELETED @COINDESK'S ENTIRE CHANNEL!! üö®

THEY CLAIM #BITCOIN IS AN ""ILLEGAL ACTIVITY""?!

AS‚Ä¶"
385,1365403275181371392,2021-02-26 20:48:03,1248934961677242368,"RT @z_spaceman: Imagine a culture that believes a man is a women but Bitcoin isn‚Äôt money. üòÇ 
@youtube @Google 

#youtube #google #cryptocur‚Ä¶"
386,1365403271947517953,2021-02-26 20:48:02,1248934961677242368,"RT @afshineemrani: YOUTUBE HAS JUST DELETED 
@COINDESK
'S ENTIRE CHANNEL!! Police cars revolving light

THEY CLAIM #BITCOIN IS AN ""ILLEGAL‚Ä¶"
387,1365403229752852480,2021-02-26 20:47:52,1248934961677242368,"RT @AltcoinDailyio: EMERGENCY: YOUTUBE HAS JUST DELETED @COINDESK'S ENTIRE CHANNEL!! üö®

THEY CLAIM #BITCOIN IS AN ""ILLEGAL ACTIVITY""?!

AS‚Ä¶"
388,1365403193895747585,2021-02-26 20:47:44,975954749232238592,"RT @AltcoinDailyio: EMERGENCY: YOUTUBE HAS JUST DELETED @COINDESK'S ENTIRE CHANNEL!! üö®

THEY CLAIM #BITCOIN IS AN ""ILLEGAL ACTIVITY""?!

AS‚Ä¶"
389,1365403166758461440,2021-02-26 20:47:37,73937639,"YOUTUBE HAS JUST DELETED 
@COINDESK
'S ENTIRE CHANNEL!! Police cars revolving light

THEY CLAIM #BITCOIN IS AN ""ILLEGAL ACTIVITY""?!

AS ONE OF THE MOST TRUSTED MEDIA SOURCES TODAY, #COINDESK SHOULD BE REINSTATED IMMEDIATELY! 

@YOUTUBECREATORS
 PLEASE REVIEW THIS ASAP! https://t.co/NE8C28IxHp"
390,1365403164032327685,2021-02-26 20:47:36,1356361690565271552,"Imagine a culture that believes a man is a women but Bitcoin isn‚Äôt money. üòÇ 
@youtube @Google 

#youtube #google #cryptocurrency #altcoins #coindesk https://t.co/SzqmJfrGDE https://t.co/ggyOkIe5WD"
391,1365403149419315207,2021-02-26 20:47:33,1061344012051865600,"RT @AltcoinDailyio: EMERGENCY: YOUTUBE HAS JUST DELETED @COINDESK'S ENTIRE CHANNEL!! üö®

THEY CLAIM #BITCOIN IS AN ""ILLEGAL ACTIVITY""?!

AS‚Ä¶"
392,1365402924222971905,2021-02-26 20:46:39,20492009,"RT @AltcoinDailyio: EMERGENCY: YOUTUBE HAS JUST DELETED @COINDESK'S ENTIRE CHANNEL!! üö®

THEY CLAIM #BITCOIN IS AN ""ILLEGAL ACTIVITY""?!

AS‚Ä¶"
393,1365402715656962052,2021-02-26 20:45:50,114812435,"RT @AltcoinDailyio: EMERGENCY: YOUTUBE HAS JUST DELETED @COINDESK'S ENTIRE CHANNEL!! üö®

THEY CLAIM #BITCOIN IS AN ""ILLEGAL ACTIVITY""?!

AS‚Ä¶"
394,1365402676159258627,2021-02-26 20:45:40,1283785022,"RT @AltcoinDailyio: EMERGENCY: YOUTUBE HAS JUST DELETED @COINDESK'S ENTIRE CHANNEL!! üö®

THEY CLAIM #BITCOIN IS AN ""ILLEGAL ACTIVITY""?!

AS‚Ä¶"
395,1365402505635627018,2021-02-26 20:44:59,1204394885358530561,"RT @AltcoinDailyio: EMERGENCY: YOUTUBE HAS JUST DELETED @COINDESK'S ENTIRE CHANNEL!! üö®

THEY CLAIM #BITCOIN IS AN ""ILLEGAL ACTIVITY""?!

AS‚Ä¶"
396,1365402482478780416,2021-02-26 20:44:54,2890582008,"RT @AltcoinDailyio: EMERGENCY: YOUTUBE HAS JUST DELETED @COINDESK'S ENTIRE CHANNEL!! üö®

THEY CLAIM #BITCOIN IS AN ""ILLEGAL ACTIVITY""?!

AS‚Ä¶"
397,1365402445707243522,2021-02-26 20:44:45,2594341945,"RT @AltcoinDailyio: EMERGENCY: YOUTUBE HAS JUST DELETED @COINDESK'S ENTIRE CHANNEL!! üö®

THEY CLAIM #BITCOIN IS AN ""ILLEGAL ACTIVITY""?!

AS‚Ä¶"
398,1365402159492313089,2021-02-26 20:43:37,170013128,"RT @AltcoinDailyio: EMERGENCY: YOUTUBE HAS JUST DELETED @COINDESK'S ENTIRE CHANNEL!! üö®

THEY CLAIM #BITCOIN IS AN ""ILLEGAL ACTIVITY""?!

AS‚Ä¶"
399,1365401786874527763,2021-02-26 20:42:08,299577847,"RT @AltcoinDailyio: EMERGENCY: YOUTUBE HAS JUST DELETED @COINDESK'S ENTIRE CHANNEL!! üö®

THEY CLAIM #BITCOIN IS AN ""ILLEGAL ACTIVITY""?!

AS‚Ä¶"
400,1365401524390748168,2021-02-26 20:41:06,930100289956401153,"ppll today wishing of buying #ADA few days before ,you still got opportunity with #KIN. 
$KIN
#KIN
@Kin_Ecosystem @15farvardin @kinhype @CryptoKinNews 
#cryptonews #Coinbase #Coinmarketcap
#Bitcoin #cryptocurrency #cryptocurrencies
#Binance #Cardano #CardanoCommunity #coindesk"
401,1365401083871436811,2021-02-26 20:39:20,1270360786913964040,"RT @AltcoinDailyio: EMERGENCY: YOUTUBE HAS JUST DELETED @COINDESK'S ENTIRE CHANNEL!! üö®

THEY CLAIM #BITCOIN IS AN ""ILLEGAL ACTIVITY""?!

AS‚Ä¶"
402,1365400941114101769,2021-02-26 20:38:46,96899214,"RT @AltcoinDailyio: EMERGENCY: YOUTUBE HAS JUST DELETED @COINDESK'S ENTIRE CHANNEL!! üö®

THEY CLAIM #BITCOIN IS AN ""ILLEGAL ACTIVITY""?!

AS‚Ä¶"
403,1365400852077309953,2021-02-26 20:38:25,838963408934404098,"RT @AltcoinDailyio: EMERGENCY: YOUTUBE HAS JUST DELETED @COINDESK'S ENTIRE CHANNEL!! üö®

THEY CLAIM #BITCOIN IS AN ""ILLEGAL ACTIVITY""?!

AS‚Ä¶"
404,1365400287393980416,2021-02-26 20:36:11,701775051201368064,"RT @AltcoinDailyio: EMERGENCY: YOUTUBE HAS JUST DELETED @COINDESK'S ENTIRE CHANNEL!! üö®

THEY CLAIM #BITCOIN IS AN ""ILLEGAL ACTIVITY""?!

AS‚Ä¶"
405,1365399907360768000,2021-02-26 20:34:40,2255672663,"RT @AltcoinDailyio: EMERGENCY: YOUTUBE HAS JUST DELETED @COINDESK'S ENTIRE CHANNEL!! üö®

THEY CLAIM #BITCOIN IS AN ""ILLEGAL ACTIVITY""?!

AS‚Ä¶"
406,1365399905842380801,2021-02-26 20:34:40,35140781,"RT @AltcoinDailyio: EMERGENCY: YOUTUBE HAS JUST DELETED @COINDESK'S ENTIRE CHANNEL!! üö®

THEY CLAIM #BITCOIN IS AN ""ILLEGAL ACTIVITY""?!

AS‚Ä¶"
407,1365399883109302279,2021-02-26 20:34:34,1231746679583494146,"RT @AltcoinDailyio: EMERGENCY: YOUTUBE HAS JUST DELETED @COINDESK'S ENTIRE CHANNEL!! üö®

THEY CLAIM #BITCOIN IS AN ""ILLEGAL ACTIVITY""?!

AS‚Ä¶"
408,1365398920432558081,2021-02-26 20:30:45,1329196838382047232,"RT @AltcoinDailyio: EMERGENCY: YOUTUBE HAS JUST DELETED @COINDESK'S ENTIRE CHANNEL!! üö®

THEY CLAIM #BITCOIN IS AN ""ILLEGAL ACTIVITY""?!

AS‚Ä¶"
409,1365398701208911875,2021-02-26 20:29:52,1101904254007152640,"@SalsaTekila EMERGENCY: YOUTUBE HAS JUST DELETED @COINDESK'S ENTIRE CHANNEL!! üö®

THEY CLAIM #BITCOIN IS AN ""ILLEGAL ACTIVITY""?!

AS ONE OF THE MOST TRUSTED MEDIA SOURCES TODAY, #COINDESK SHOULD BE REINSTATED IMMEDIATELY!"
410,1365398502549778433,2021-02-26 20:29:05,1293788598332874752,"RT @AltcoinDailyio: EMERGENCY: YOUTUBE HAS JUST DELETED @COINDESK'S ENTIRE CHANNEL!! üö®

THEY CLAIM #BITCOIN IS AN ""ILLEGAL ACTIVITY""?!

AS‚Ä¶"
411,1365398106808926209,2021-02-26 20:27:31,978010301697331200,"RT @AltcoinDailyio: EMERGENCY: YOUTUBE HAS JUST DELETED @COINDESK'S ENTIRE CHANNEL!! üö®

THEY CLAIM #BITCOIN IS AN ""ILLEGAL ACTIVITY""?!

AS‚Ä¶"
412,1365397893239238661,2021-02-26 20:26:40,14048259,"RT @AltcoinDailyio: EMERGENCY: YOUTUBE HAS JUST DELETED @COINDESK'S ENTIRE CHANNEL!! üö®

THEY CLAIM #BITCOIN IS AN ""ILLEGAL ACTIVITY""?!

AS‚Ä¶"
413,1365397817661943808,2021-02-26 20:26:22,39652193,"RT @AltcoinDailyio: EMERGENCY: YOUTUBE HAS JUST DELETED @COINDESK'S ENTIRE CHANNEL!! üö®

THEY CLAIM #BITCOIN IS AN ""ILLEGAL ACTIVITY""?!

AS‚Ä¶"
414,1365397582294310914,2021-02-26 20:25:26,531621521,"RT @AltcoinDailyio: EMERGENCY: YOUTUBE HAS JUST DELETED @COINDESK'S ENTIRE CHANNEL!! üö®

THEY CLAIM #BITCOIN IS AN ""ILLEGAL ACTIVITY""?!

AS‚Ä¶"
415,1365397514011037696,2021-02-26 20:25:09,1222401622996701184,"RT @AltcoinDailyio: EMERGENCY: YOUTUBE HAS JUST DELETED @COINDESK'S ENTIRE CHANNEL!! üö®

THEY CLAIM #BITCOIN IS AN ""ILLEGAL ACTIVITY""?!

AS‚Ä¶"
416,1365397476509773824,2021-02-26 20:25:00,1331455034777714690,"RT @AltcoinDailyio: EMERGENCY: YOUTUBE HAS JUST DELETED @COINDESK'S ENTIRE CHANNEL!! üö®

THEY CLAIM #BITCOIN IS AN ""ILLEGAL ACTIVITY""?!

AS‚Ä¶"
417,1365397451499319296,2021-02-26 20:24:54,745744900503789568,"RT @AltcoinDailyio: EMERGENCY: YOUTUBE HAS JUST DELETED @COINDESK'S ENTIRE CHANNEL!! üö®

THEY CLAIM #BITCOIN IS AN ""ILLEGAL ACTIVITY""?!

AS‚Ä¶"
418,1365397017300729870,2021-02-26 20:23:11,1259129191645294598,"RT @AltcoinDailyio: EMERGENCY: YOUTUBE HAS JUST DELETED @COINDESK'S ENTIRE CHANNEL!! üö®

THEY CLAIM #BITCOIN IS AN ""ILLEGAL ACTIVITY""?!

AS‚Ä¶"
419,1365396835146354688,2021-02-26 20:22:28,222983161,"RT @AltcoinDailyio: EMERGENCY: YOUTUBE HAS JUST DELETED @COINDESK'S ENTIRE CHANNEL!! üö®

THEY CLAIM #BITCOIN IS AN ""ILLEGAL ACTIVITY""?!

AS‚Ä¶"
420,1365396677725741061,2021-02-26 20:21:50,3090601395,"RT @AltcoinDailyio: EMERGENCY: YOUTUBE HAS JUST DELETED @COINDESK'S ENTIRE CHANNEL!! üö®

THEY CLAIM #BITCOIN IS AN ""ILLEGAL ACTIVITY""?!

AS‚Ä¶"
421,1365396644108374017,2021-02-26 20:21:42,1365331614851555330,"RT @AltcoinDailyio: EMERGENCY: YOUTUBE HAS JUST DELETED @COINDESK'S ENTIRE CHANNEL!! üö®

THEY CLAIM #BITCOIN IS AN ""ILLEGAL ACTIVITY""?!

AS‚Ä¶"
422,1365396530400739332,2021-02-26 20:21:15,1350422253285085184,"RT @AltcoinDailyio: EMERGENCY: YOUTUBE HAS JUST DELETED @COINDESK'S ENTIRE CHANNEL!! üö®

THEY CLAIM #BITCOIN IS AN ""ILLEGAL ACTIVITY""?!

AS‚Ä¶"
423,1365396527884165122,2021-02-26 20:21:14,289571449,"RT @AltcoinDailyio: EMERGENCY: YOUTUBE HAS JUST DELETED @COINDESK'S ENTIRE CHANNEL!! üö®

THEY CLAIM #BITCOIN IS AN ""ILLEGAL ACTIVITY""?!

AS‚Ä¶"
424,1365396433856327685,2021-02-26 20:20:52,1280864038285647872,"RT @AltcoinDailyio: EMERGENCY: YOUTUBE HAS JUST DELETED @COINDESK'S ENTIRE CHANNEL!! üö®

THEY CLAIM #BITCOIN IS AN ""ILLEGAL ACTIVITY""?!

AS‚Ä¶"
425,1365396431691948033,2021-02-26 20:20:51,992176182027309056,"RT @AltcoinDailyio: EMERGENCY: YOUTUBE HAS JUST DELETED @COINDESK'S ENTIRE CHANNEL!! üö®

THEY CLAIM #BITCOIN IS AN ""ILLEGAL ACTIVITY""?!

AS‚Ä¶"
426,1365396364104900608,2021-02-26 20:20:35,317011363,"RT @AltcoinDailyio: EMERGENCY: YOUTUBE HAS JUST DELETED @COINDESK'S ENTIRE CHANNEL!! üö®

THEY CLAIM #BITCOIN IS AN ""ILLEGAL ACTIVITY""?!

AS‚Ä¶"
427,1365396200195846147,2021-02-26 20:19:56,1177085212435439617,"RT @AltcoinDailyio: EMERGENCY: YOUTUBE HAS JUST DELETED @COINDESK'S ENTIRE CHANNEL!! üö®

THEY CLAIM #BITCOIN IS AN ""ILLEGAL ACTIVITY""?!

AS‚Ä¶"
428,1365396151344709636,2021-02-26 20:19:44,2843008326,"RT @AltcoinDailyio: EMERGENCY: YOUTUBE HAS JUST DELETED @COINDESK'S ENTIRE CHANNEL!! üö®

THEY CLAIM #BITCOIN IS AN ""ILLEGAL ACTIVITY""?!

AS‚Ä¶"
429,1365396086123360258,2021-02-26 20:19:29,322078438,"RT @AltcoinDailyio: EMERGENCY: YOUTUBE HAS JUST DELETED @COINDESK'S ENTIRE CHANNEL!! üö®

THEY CLAIM #BITCOIN IS AN ""ILLEGAL ACTIVITY""?!

AS‚Ä¶"
430,1365396001603743744,2021-02-26 20:19:09,958118843636854784,"EMERGENCY: YOUTUBE HAS JUST DELETED @COINDESK'S ENTIRE CHANNEL!! üö®

THEY CLAIM #BITCOIN IS AN ""ILLEGAL ACTIVITY""?!

AS ONE OF THE MOST TRUSTED MEDIA SOURCES TODAY, #COINDESK SHOULD BE REINSTATED IMMEDIATELY! 

@YOUTUBECREATORS PLEASE REVIEW THIS ASAP!

https://t.co/sjtJfupu22"
431,1365391200136626183,2021-02-26 20:00:04,1323280062,One Bitcoin now worth $46777.970. Market Cap $871.917 Billion. Based on #coindesk BPI #bitcoin
432,1365376651811581953,2021-02-26 19:02:15,1219642528997298177,"RT @mstrade: ‚ö°Ô∏èThe value of #bitcoin dropped sharply on February 23, decreasing below $ 50,000 per coin. Back on February 21, Bitcoin was t‚Ä¶"
433,1365366519157448712,2021-02-26 18:22:00,1001929386,"#YouTube Suspends #CoinDesk‚Äôs Channel Over Unspecified Violations
https://t.co/5ueN8UcbDX
#censorship"
434,1365361283726458881,2021-02-26 18:01:11,1342087979297361920,"RT @BullCryptoPR: YouTube Suspends CoinDesk‚Äôs Channel Over Unspecified Violations 

Video streaming platform YouTube knocked #CoinDesk‚Äôs ch‚Ä¶"
435,1365360999226896387,2021-02-26 18:00:04,1323280062,One Bitcoin now worth $47763.166. Market Cap $890.277 Billion. Based on #coindesk BPI #bitcoin
436,1365360542685270016,2021-02-26 17:58:15,1348237484266844160,"YouTube Suspends CoinDesk‚Äôs Channel Over Unspecified Violations 

Video streaming platform YouTube knocked #CoinDesk‚Äôs channel offline Thursday, allegedly for breaching its policies.

Link : https://t.co/1aHuxborsD"
437,1365359267092582402,2021-02-26 17:53:11,1341301424462962688,"I want to see dogecoin with coindesk
#dogecoin #coindesk https://t.co/rrqcJ0JYEo"
438,1365330801232138246,2021-02-26 16:00:04,1323280062,One Bitcoin now worth $47564.727. Market Cap $886.575 Billion. Based on #coindesk BPI #bitcoin
439,1365324302220857351,2021-02-26 15:34:14,503156532,"RT @MarkCrypto23: Bitcoin traded within a narrow range on Thursday, as investors and traders were cautiously optimistic after the latest pu‚Ä¶"
440,1365300601299628032,2021-02-26 14:00:04,1323280062,One Bitcoin now worth $45995.882. Market Cap $857.328 Billion. Based on #coindesk BPI #bitcoin
441,1365295682383474689,2021-02-26 13:40:31,1313893496202424321,"RT @frankwilson001: #Btc less trade BTC and other coins for you, while you relax and make profit unstoppable investment #coindesk #Coinbase‚Ä¶"
442,1365292421802770432,2021-02-26 13:27:33,1364841231516229634,"RT @MarkCrypto23: The native token exchange rate is up 45% and trades at approximately $265. #Coindesk #BNB #CAKE #cryptocurrency 

#CTBot‚Ä¶"
443,1365291327240429568,2021-02-26 13:23:12,281253271,"RT @MarkCrypto23: Bitcoin traded within a narrow range on Thursday, as investors and traders were cautiously optimistic after the latest pu‚Ä¶"
444,1365289851805966338,2021-02-26 13:17:21,283822413,#Bitcoin drama continues with #chart recent drama explained https://t.co/BfdxBxGih9 #Ripple #dogecoin #DogecoinToTheMoon #ElonMusk #musk #elon #Litecoin #APompliano #binance #krakenfx #blockchain #nouriel #CoinDesk #BitcoinMagazine #bitfinex #Congress #WallStreet #wallstreetbets
445,1365288404167122947,2021-02-26 13:11:36,281253271,"RT @MarkCrypto23: The native token exchange rate is up 45% and trades at approximately $265. #Coindesk #BNB #CAKE #cryptocurrency 

#CTBot‚Ä¶"
446,1365287226368688129,2021-02-26 13:06:55,1018460856642760706,"RT @MarkCrypto23: Bitcoin traded within a narrow range on Thursday, as investors and traders were cautiously optimistic after the latest pu‚Ä¶"
447,1365270407176142855,2021-02-26 12:00:05,1323280062,One Bitcoin now worth $46395.085. Market Cap $864.765 Billion. Based on #coindesk BPI #bitcoin
448,1365240205385605128,2021-02-26 10:00:04,1323280062,One Bitcoin now worth $46365.993. Market Cap $864.219 Billion. Based on #coindesk BPI #bitcoin
449,1365218895410253826,2021-02-26 08:35:23,1081639325945626624,"RT @MarkCrypto23: Bitcoin traded within a narrow range on Thursday, as investors and traders were cautiously optimistic after the latest pu‚Ä¶"
450,1365210005847367680,2021-02-26 08:00:04,1323280062,One Bitcoin now worth $44744.985. Market Cap $834.002 Billion. Based on #coindesk BPI #bitcoin
451,1365198020338458627,2021-02-26 07:12:26,1127974661554409472,"RT @MarkCrypto23: Nvidia said #Ethereum mining activity contributed slightly to Q4 2020 revenue.

#coindesk #Nvidia #crypto #ETH
#CTBot Adr‚Ä¶"
452,1365197033611665411,2021-02-26 07:08:31,2598245976,"RT @MarkCrypto23: Bitcoin traded within a narrow range on Thursday, as investors and traders were cautiously optimistic after the latest pu‚Ä¶"
453,1365194913323843584,2021-02-26 07:00:06,777498784741941248,"#Btc less trade BTC and other coins for you, while you relax and make profit unstoppable investment #coindesk #Coinbase #Ethereum https://t.co/ys6BV0zIiV"
454,1365192888091611137,2021-02-26 06:52:03,1364841231516229634,"RT @MarkCrypto23: Bitcoin traded within a narrow range on Thursday, as investors and traders were cautiously optimistic after the latest pu‚Ä¶"
455,1365182918977409028,2021-02-26 06:12:26,631163831,"RT @MarkCrypto23: Bitcoin traded within a narrow range on Thursday, as investors and traders were cautiously optimistic after the latest pu‚Ä¶"
456,1365180646835032068,2021-02-26 06:03:24,180979314,"RT @MarkCrypto23: Bitcoin traded within a narrow range on Thursday, as investors and traders were cautiously optimistic after the latest pu‚Ä¶"
457,1365179805713510406,2021-02-26 06:00:04,1323280062,One Bitcoin now worth $45572.157. Market Cap $849.416 Billion. Based on #coindesk BPI #bitcoin
458,1365159680310452227,2021-02-26 04:40:05,720750737030950913,"Congrats @bitcoinzay on the first episode of Community Crypto üôåüèæ Great content! Looking forward to future episodes!! 

#CommunityCrypto  #Coindesk https://t.co/RQDNf4a1e3"
459,1365149607899115522,2021-02-26 04:00:04,1323280062,One Bitcoin now worth $47422.233. Market Cap $883.895 Billion. Based on #coindesk BPI #bitcoin
460,1365133914512089096,2021-02-26 02:57:42,1332512418354790400,"RT @MarkCrypto23: Bitcoin traded within a narrow range on Thursday, as investors and traders were cautiously optimistic after the latest pu‚Ä¶"
461,1365128426332504064,2021-02-26 02:35:54,77467828,"RT @MarkCrypto23: Bitcoin traded within a narrow range on Thursday, as investors and traders were cautiously optimistic after the latest pu‚Ä¶"
462,1365119409430421505,2021-02-26 02:00:04,1323280062,One Bitcoin now worth $46391.783. Market Cap $864.687 Billion. Based on #coindesk BPI #bitcoin
463,1365115263817981953,2021-02-26 01:43:36,936143762820022273,"RT @MarkCrypto23: Bitcoin traded within a narrow range on Thursday, as investors and traders were cautiously optimistic after the latest pu‚Ä¶"
